,Entity,Code,Year,Annual CO2 emissions (per capita),Solar Generation - TWh,Wind Generation - TWh,Hydro Generation - TWh,Geo Biomass Other - TWh
35,Africa,AFR,2000,1.0936,0.011941,0.1755,75.24581662,2.269063158
36,Africa,AFR,2001,1.0645,0.01496,0.41558,80.86411472,2.335352632
37,Africa,AFR,2002,1.0489,0.01787101,0.443584,85.18146813,2.2864
38,Africa,AFR,2003,1.1094,0.02132901,0.535599,82.87260146,2.6224
39,Africa,AFR,2004,1.1603,0.02576101,0.768280505,87.40546926,2.978849535
40,Africa,AFR,2005,1.1547,0.03067601,0.780382111,89.06573418,3.009669408
41,Africa,AFR,2006,1.1613,0.03895701,0.852565606,92.24435301,3.770404784
42,Africa,AFR,2007,1.1763,0.051533293,1.016223364,95.34056181,3.142048288
43,Africa,AFR,2008,1.1968,0.073232202,1.311778131,97.15720925,3.267395686
44,Africa,AFR,2009,1.1762,0.096152927,1.589230939,99.7611369,3.56272219
45,Africa,AFR,2010,1.1725,0.21252075,2.284582434,107.4268326,3.825406558
46,Africa,AFR,2011,1.1809,0.601454301,2.386503939,110.444821,3.929656611
47,Africa,AFR,2012,1.1456,0.994443126,2.51563024,110.9523002,4.085024546
48,Africa,AFR,2013,1.1227,0.78891014,3.593447303,117.6388464,4.4308941
49,Africa,AFR,2014,1.1837,1.93770017,5.060072834,123.7267948,5.521055906
50,Africa,AFR,2015,1.1191,3.592173384,8.910686283,120.1678361,7.191202122
51,Africa,AFR,2016,1.1189,5.12019689,11.17637067,116.7188052,7.281251193
52,Africa,AFR,2017,1.1131,6.902446607,12.4577741,125.8165222,7.653766329
53,Africa,AFR,2018,1.0865,8.295433824,14.77072335,133.140498,8.097891299
54,Africa,AFR,2019,1.0772,10.90690156,18.85772913,137.2155108,8.22808243
55,Africa,AFR,2020,0.9896,12.40778213,21.78984307,142.5749961,8.068135119
145,Argentina,ARG,1998,3.8668,1.7e-05,0.032541,32.42178788,0.463881203
146,Argentina,ARG,1999,4.0388,2.6e-05,0.034781,26.53007071,0.650455143
147,Argentina,ARG,2000,3.861,3.6e-05,0.034758,34.0340101,0.67501431
148,Argentina,ARG,2001,3.5949,4.3e-05,0.049361,41.90326263,0.60932585
149,Argentina,ARG,2002,3.3011,4.7e-05,0.073405,41.46705051,0.850248638
150,Argentina,ARG,2003,3.5347,6.5e-05,0.077954,39.08008081,1.014079858
151,Argentina,ARG,2004,4.0799,7e-05,0.072446,35.40287879,0.90029509
152,Argentina,ARG,2005,4.1507,8.1e-05,0.071719665,39.35009091,1.074072901
153,Argentina,ARG,2006,4.4441,9e-05,0.06964,43.624,1.567410315
154,Argentina,ARG,2007,4.3908,0.0001089,0.061593,37.741,1.575708696
155,Argentina,ARG,2008,4.6932,0.0001437,0.041951078,37.199,1.693536384
156,Argentina,ARG,2009,4.4204,7.6084e-05,0.036831529,40.783,1.728756162
157,Argentina,ARG,2010,4.5661,8.589e-05,0.025351606,40.543,2.01325481
158,Argentina,ARG,2011,4.6048,0.001614,0.02659055,39.641,2.190205828
159,Argentina,ARG,2012,4.5914,0.008172967,0.369861999,36.876,2.45382161
160,Argentina,ARG,2013,4.506,0.015074079,0.453354876,40.7,2.45735005
161,Argentina,ARG,2014,4.4247,0.015944,0.619491,40.864,2.302025252
162,Argentina,ARG,2015,4.4667,0.014683,0.593334963,41.7709,2.378258598
163,Argentina,ARG,2016,4.3894,0.014273,0.547359,38.25439327,1.963408643
164,Argentina,ARG,2017,4.2744,0.016417,0.611567,41.54297858,2.383654508
165,Argentina,ARG,2018,4.0824,0.10813,1.412743,41.64786518,0.473010421
166,Argentina,ARG,2019,3.7419,0.799697913,4.995966424,37.06678706,0.622944562
167,Argentina,ARG,2020,3.4733,1.344340935,9.470297617,30.54359219,0.413941191
196,Australia,AUS,1993,16.5495,0.0146,0.002,16.387,0.67
197,Australia,AUS,1994,16.8601,0.0174,0.0055,16.15,0.6965
198,Australia,AUS,1995,17.1189,0.02115,0.007,15.631,0.8255
199,Australia,AUS,1996,17.3911,0.0256,0.007,15.9685,0.9465
200,Australia,AUS,1997,17.7901,0.03065,0.0075,15.9525,0.997
201,Australia,AUS,1998,18.2222,0.0356,0.018,15.798,1.081
202,Australia,AUS,1999,18.4477,0.0406,0.043,16.2815,1.1335
203,Australia,AUS,2000,18.5252,0.04675,0.134,16.4665,0.8895
204,Australia,AUS,2001,18.7789,0.05415,0.287,16.1235,0.7975
205,Australia,AUS,2002,18.922,0.0583,0.53355,16.095,1.2668
206,Australia,AUS,2003,19.0191,0.0632,0.70405,16.21055,1.6918
207,Australia,AUS,2004,19.4554,0.07295,0.795,15.68665,2.81525
208,Australia,AUS,2005,19.2086,0.08405,1.29905,15.4657,3.871
209,Australia,AUS,2006,19.3554,0.0975,2.1621,14.9451,3.9325
210,Australia,AUS,2007,19.2159,0.11375,2.8521,13.04895,4.275
211,Australia,AUS,2008,19.2034,0.1392,3.45845,11.81515,3.6961
212,Australia,AUS,2009,18.4508,0.29024203,4.43775,12.64205,2.7868
213,Australia,AUS,2010,18.2595,0.97764828,4.985,13.746,2.44155
214,Australia,AUS,2011,17.9849,2.04454657,6.432,19.572,2.57395
215,Australia,AUS,2012,17.5806,2.412,7.725,17.036,3.09785
216,Australia,AUS,2013,16.907,3.8474,9.259,19.089,3.33165
217,Australia,AUS,2014,16.9201,4.952,9.777,14.484,3.546362
218,Australia,AUS,2015,16.8507,6.195524404,11.83300209,14.08659847,3.678061995
219,Australia,AUS,2016,17.1434,7.439775697,13.03970488,17.6294521,3.627512928
220,Australia,AUS,2017,16.8704,8.91755657,13.21079043,13.49974762,3.561683859
221,Australia,AUS,2018,16.7081,12.33254445,16.26195432,17.33836109,3.58814896
222,Australia,AUS,2019,16.447,18.2969867,19.47168808,14.1138688,3.467726188
223,Australia,AUS,2020,15.3684,23.84266127,22.6068918,14.5346444,3.410424136
254,Austria,AUT,1995,8.0113,0.001,0.001,37.067222,1.857221
255,Austria,AUT,1996,8.4007,0.001,0.005,34.216111,1.589444
256,Austria,AUT,1997,8.3721,0.002,0.02,36.105278,1.711389
257,Austria,AUT,1998,8.3182,0.002,0.045,37.163333,1.842777
258,Austria,AUT,1999,8.1529,0.002,0.051,40.6991208,1.596911819
259,Austria,AUT,2000,8.1964,0.003,0.067,41.83565055,1.52827932
260,Austria,AUT,2001,8.6615,0.005,0.172,40.45548165,1.667812
261,Austria,AUT,2002,8.8443,0.009,0.203,40.22700281,1.520444
262,Austria,AUT,2003,9.4731,0.015,0.366,33.21499204,1.711921
263,Austria,AUT,2004,9.4523,0.018,0.924,36.762283,2.05973
264,Austria,AUT,2005,9.5797,0.021018375,1.331276757,37.09513834,2.437154339
265,Austria,AUT,2006,9.269,0.022386875,1.752792984,35.65608477,3.237502556
266,Austria,AUT,2007,8.9126,0.024238375,2.037184927,37.05445286,4.061606911
267,Austria,AUT,2008,8.808,0.03011991,2.011257409,38.32949104,4.302304141
268,Austria,AUT,2009,8.037,0.04891428,1.954040168,40.89630336,4.277982167
269,Austria,AUT,2010,8.5613,0.08881314,2.063913736,38.36341829,4.463430081
270,Austria,AUT,2011,8.2674,0.17406996,1.93623636,34.23908351,4.516752009
271,Austria,AUT,2012,7.9113,0.33748305,2.462029019,43.80410469,4.608036501
272,Austria,AUT,2013,7.9192,0.625974,3.153231562,42.0465273,4.584281709
273,Austria,AUT,2014,7.4474,0.785246,3.845768035,41.01025937,4.336296196
274,Austria,AUT,2015,7.6454,0.937098,4.840343102,37.05552838,4.503546527
275,Austria,AUT,2016,7.6841,1.096016,5.234838273,39.84471615,4.691227039
276,Austria,AUT,2017,7.8911,1.268971,6.571511136,38.293433,4.920933436
277,Austria,AUT,2018,7.4865,1.455132,6.030429449,37.637911,4.930195781
278,Austria,AUT,2019,7.5892,1.702093,7.477363299,40.455346,4.745310238
279,Austria,AUT,2020,6.7324,1.590574729,6.794140175,40.95375978,5.253975479
308,Azerbaijan,AZE,2013,3.752,0.0008,0.0008,1.4891,0.067
309,Azerbaijan,AZE,2014,3.8898,0.0029,0.0023,1.2997,0.087
310,Azerbaijan,AZE,2015,3.8439,0.0046,0.0046,1.6375,0.0909
311,Azerbaijan,AZE,2016,3.8059,0.0353,0.0228,1.9593,0.08725
312,Azerbaijan,AZE,2017,3.7307,0.0372,0.0221,1.7464,0.08515
313,Azerbaijan,AZE,2018,3.7034,0.03926,0.0827,1.768,0.0811
314,Azerbaijan,AZE,2019,3.8541,0.0442,0.1054,1.5648,0.09795
315,Azerbaijan,AZE,2020,3.7203,0.0472,0.0951,1.068,0.098218356
354,Bangladesh,BGD,2009,0.3368,0.0251,0.0051,0.417,0.001
355,Bangladesh,BGD,2010,0.3659,0.0443,0.0051,0.729,0.002
356,Bangladesh,BGD,2011,0.3789,0.0584,0.0051,0.872,0.003
357,Bangladesh,BGD,2012,0.4019,0.0909,0.0051,0.777,0.004
358,Bangladesh,BGD,2013,0.4044,0.129563,0.005081,0.728378728,0.004993
359,Bangladesh,BGD,2014,0.427,0.166947,0.005081,0.566453438,0.006015
360,Bangladesh,BGD,2015,0.469,0.198389,0.005081,0.898146455,0.002682
361,Bangladesh,BGD,2016,0.4841,0.219999,0.005081,0.884632595,0.002877
362,Bangladesh,BGD,2017,0.5069,0.253361,0.005081,1.029528088,0.002877
363,Bangladesh,BGD,2018,0.5118,0.275068,0.005081,0.865411112,0.002877
364,Bangladesh,BGD,2019,0.5778,0.349231785,0.005081,0.823091189,0.002877
365,Bangladesh,BGD,2020,0.5637,0.412784892,0.005081,0.700670737,0.003035367
394,Belarus,BLR,2013,6.7106,0.0004,0.008,0.138,0.082
395,Belarus,BLR,2014,6.6381,0.002,0.009,0.121,0.079
396,Belarus,BLR,2015,6.1484,0.009,0.039,0.111,0.094
397,Belarus,BLR,2016,6.3364,0.026,0.073,0.142,0.094
398,Belarus,BLR,2017,6.3613,0.089,0.097,0.406,0.106
399,Belarus,BLR,2018,6.4492,0.118,0.099,0.324,0.109
400,Belarus,BLR,2019,6.4558,0.179,0.166,0.351,0.11
401,Belarus,BLR,2020,6.0793,0.181743295,0.183883978,0.353340883,0.11206379
441,Belgium,BEL,2004,12.2881,0.001,0.142,0.317,1.037
442,Belgium,BEL,2005,11.9126,0.001,0.227,0.288,1.59
443,Belgium,BEL,2006,11.6657,0.002,0.366,0.359,2.225
444,Belgium,BEL,2007,11.2623,0.006,0.491,0.389,2.6
445,Belgium,BEL,2008,11.1498,0.042,0.637,0.41,3.329
446,Belgium,BEL,2009,9.9183,0.166,0.996,0.328,3.949
447,Belgium,BEL,2010,10.4714,0.56,1.292,0.312,4.330428
448,Belgium,BEL,2011,9.5358,1.169,2.312,0.196,4.699934
449,Belgium,BEL,2012,9.2361,2.148,2.751,0.357,5.202093
450,Belgium,BEL,2013,9.2032,2.644,3.665,0.38,4.98362
451,Belgium,BEL,2014,8.6325,2.8862,4.6153,0.2952,4.4732
452,Belgium,BEL,2015,8.9525,3.0563,5.574,0.3184,5.5637
453,Belgium,BEL,2016,8.7959,3.0952,5.4377,0.37,5.4499
454,Belgium,BEL,2017,8.7084,3.3076,6.5137,0.2701,5.777
455,Belgium,BEL,2018,8.7289,3.9029,7.4647,0.3135,5.4708
456,Belgium,BEL,2019,8.644,4.247,9.7256,0.302,5.2409
457,Belgium,BEL,2020,7.2262,5.137378997,13.03086657,0.281926695,5.331659266
505,Brazil,BRA,2012,2.5005,0.00098,5.05,415.3421755,35.76567086
506,Brazil,BRA,2013,2.6484,0.004793593,6.575862737,390.992014,40.97184609
507,Brazil,BRA,2014,2.7515,0.016081802,12.21025167,373.4390605,47.07918279
508,Brazil,BRA,2015,2.5889,0.058917412,21.62570216,359.7428082,49.88032083
509,Brazil,BRA,2016,2.3901,0.085260592,33.488872,380.9109424,51.33469956
510,Brazil,BRA,2017,2.4094,0.831813401,42.37325825,370.9064564,52.91210534
511,Brazil,BRA,2018,2.3091,3.461434834,48.47514121,388.9710759,54.38223437
512,Brazil,BRA,2019,2.3018,6.654579083,55.98562168,397.8770566,54.92087661
513,Brazil,BRA,2020,2.1988,7.958688663,57.01361507,396.7985,55.36807301
558,Bulgaria,BGR,2009,6.1303,0.003,0.237,3.47,0.008
559,Bulgaria,BGR,2010,6.4459,0.015,0.681,5.057,0.035
560,Bulgaria,BGR,2011,7.2068,0.101,0.861,2.917,0.056
561,Bulgaria,BGR,2012,6.5913,0.814,1.221,3.226,0.066
562,Bulgaria,BGR,2013,5.8546,1.361,1.374,4.08,0.111713
563,Bulgaria,BGR,2014,6.2406,1.252,1.331,4.605,0.200792
564,Bulgaria,BGR,2015,6.7052,1.383,1.452,5.661,0.270185
565,Bulgaria,BGR,2016,6.3622,1.386,1.425,3.942,0.353614
566,Bulgaria,BGR,2017,6.6994,1.402965,1.504064,2.828103,0.395981
567,Bulgaria,BGR,2018,6.1883,1.342775,1.318123,5.146578,1.5921
568,Bulgaria,BGR,2019,6.0317,1.4425,1.317,2.9658,1.8311
569,Bulgaria,BGR,2020,5.3888,1.497319069,1.47723988,2.951120825,1.964135979
597,Canada,CAN,1992,16.4227,0.002052632,0.059,315.1746545,4.465
598,Canada,CAN,1993,16.2531,0.002052632,0.059,322.213898,4.817
599,Canada,CAN,1994,16.5715,0.002052632,0.059,327.8555808,5.733
600,Canada,CAN,1995,16.8341,0.003842105,0.059,334.0597343,7.137865803
601,Canada,CAN,1996,17.211,0.005894737,0.062,354.5920747,7.5285148
602,Canada,CAN,1997,17.5265,0.006947368,0.062,348.6796212,8.16821952
603,Canada,CAN,1998,17.6199,0.010105263,0.062,330.8699253,8.987253723
604,Canada,CAN,1999,17.9434,0.013263158,0.162,345.0007828,8.943148172
605,Canada,CAN,2000,18.5218,0.016421053,0.264,356.7600778,8.917042302
606,Canada,CAN,2001,18.1037,0.019578947,0.329,331.5210293,9.672149201
607,Canada,CAN,2002,18.111,0.022736842,0.405,349.2746394,10.04610406
608,Canada,CAN,2003,18.4941,0.022789474,0.69,336.1393646,9.417294047
609,Canada,CAN,2004,18.254,0.014263158,0.945,338.3983606,9.804526316
610,Canada,CAN,2005,17.9035,0.018473684,1.552,361.9557495,9.154255789
611,Canada,CAN,2006,17.5618,0.022684211,2.448,352.8872859,8.937625263
612,Canada,CAN,2007,18.058,0.028947368,2.977206,367.6214596,8.990656842
613,Canada,CAN,2008,17.3788,0.035,3.788514141,377.4877303,7.978966316
614,Canada,CAN,2009,16.1977,0.109,6.641651515,368.6874051,8.942056842
615,Canada,CAN,2010,16.3644,0.255,8.724191919,351.384803,10.29755789
616,Canada,CAN,2011,16.4993,0.572,10.18857374,375.7237242,10.21378421
617,Canada,CAN,2012,16.301,0.881,11.31148788,380.2671364,10.91381895
618,Canada,CAN,2013,16.2537,1.499,11.14544343,391.7888717,11.03561053
619,Canada,CAN,2014,15.9981,2.12,12.8170697,382.5013788,9.795245263
620,Canada,CAN,2015,15.9066,2.895,26.96639091,382.1932566,9.987178947
621,Canada,CAN,2016,15.3799,4.032322222,30.93311717,385.4324253,11.35952316
622,Canada,CAN,2017,15.5004,3.573738384,31.51361515,394.5873848,6.56206
623,Canada,CAN,2018,15.6299,3.796969697,33.14446566,385.8939616,10.54160526
624,Canada,CAN,2019,15.5673,4.216972727,32.6596697,379.6689263,10.26202105
625,Canada,CAN,2020,14.1969,4.424325253,36.10247467,384.6719359,10.69488946
673,Chile,CHL,2012,4.5794,0.00034039,0.40838745,20.16202386,5.983173515
674,Chile,CHL,2013,4.6559,0.00675656,0.545075566,19.90721056,6.896006202
675,Chile,CHL,2014,4.3681,0.458712984,1.44312018,23.0450776,4.989873005
676,Chile,CHL,2015,4.5536,1.360100279,2.11464801,23.62150692,5.566129616
677,Chile,CHL,2016,4.6346,2.5502637,2.451839459,19.69072697,6.722216022
678,Chile,CHL,2017,4.5503,3.895948315,3.625559357,21.32573088,7.449310113
679,Chile,CHL,2018,4.5068,5.118720829,3.587894717,23.36676918,9.157251969
680,Chile,CHL,2019,4.5446,6.300226399,4.895221294,21.44032717,9.546549543
681,Chile,CHL,2020,4.2462,7.614843515,5.625540663,20.65732844,10.33838395
707,China,CHN,1990,2.1114,0.002,0.002020202,126.7439726,0.064
708,China,CHN,1991,2.1847,0.002,0.009090909,124.6889516,0.064
709,China,CHN,1992,2.263,0.003,0.131313131,130.6860774,0.113
710,China,CHN,1993,2.3971,0.004,0.212121212,151.8461646,0.117
711,China,CHN,1994,2.5203,0.005,0.383838384,167.428969,0.46
712,China,CHN,1995,2.706,0.007,0.616161616,190.58,3.014
713,China,CHN,1996,2.7989,0.009,0.093939394,187.97,1.533
714,China,CHN,1997,2.7814,0.011,0.197979798,195.98,2.722
715,China,CHN,1998,2.6419,0.014,0.355555556,198.89,2.48
716,China,CHN,1999,2.6144,0.017,0.473737374,196.58,2.52
717,China,CHN,2000,2.6649,0.022,0.58989899,222.41,2.537
718,China,CHN,2001,2.7056,0.031,0.719191919,277.43,2.554
719,China,CHN,2002,2.9622,0.048,0.837373737,287.97,2.546
720,China,CHN,2003,3.4555,0.064,0.996969697,283.68,2.536
721,China,CHN,2004,3.9482,0.076,1.277777778,353.544,2.528
722,China,CHN,2005,4.4159,0.084,1.946060606,397.017,5.322
723,China,CHN,2006,4.8481,0.095,3.711818182,435.786,7.133
724,China,CHN,2007,5.1847,0.114,5.479292929,485.264,9.863
725,China,CHN,2008,5.5386,0.152,13.1,636.96,14.866
726,China,CHN,2009,5.7939,0.279,27.61499783,615.644,20.85932
727,China,CHN,2010,6.295,0.701,49.39962,711.38314,24.90023
728,China,CHN,2011,6.9223,2.61,74.1,688.045,27.632
729,China,CHN,2012,7.0623,3.5945099,103.0499065,862.79411,30.133
730,China,CHN,2013,7.1506,8.3738865,138.2641332,909.6122734,37.133
731,China,CHN,2014,7.1353,23.51216,159.7627,1059.69167,46.26822
732,China,CHN,2015,7.0003,39.48057,185.59144,1114.51541,54.07029
733,China,CHN,2016,6.8742,66.52795,240.8605,1153.2675,62.134767
734,China,CHN,2017,6.9812,117.8,304.6,1165.065,79.59748421
735,China,CHN,2018,7.2077,176.9,365.8,1198.887,93.7238
736,China,CHN,2019,7.3163,224.0,405.3,1272.538,112.7238
737,China,CHN,2020,7.4117,261.1,466.5,1322.009109,135.5242
777,Colombia,COL,2004,1.2969,0.007951726,0.05199,38.330058,0.467
778,Colombia,COL,2005,1.4083,0.00953125,0.04948,39.220888,0.503
791,Colombia,COL,2018,1.7092,0.011999821,0.055437176,56.64701407,2.119029289
792,Colombia,COL,2019,1.7962,0.131226024,0.063324063,54.14455518,2.439808308
793,Colombia,COL,2020,1.7512,0.179402549,0.029023529,43.99338707,2.434662091
813,Croatia,HRV,2009,5.0236,1.6464e-05,0.054,7.409,0.025
814,Croatia,HRV,2010,4.8564,1.6464e-05,0.139,9.126,0.033
815,Croatia,HRV,2011,4.7882,1.6464e-05,0.201,5.033,0.055
816,Croatia,HRV,2012,4.4435,0.002,0.329,4.837,0.094
817,Croatia,HRV,2013,4.3108,0.011293959,0.517,8.622,0.125
818,Croatia,HRV,2014,4.1551,0.035,0.73,9.007,0.165
819,Croatia,HRV,2015,4.2093,0.057,0.796,6.391,0.266
820,Croatia,HRV,2016,4.2967,0.066,1.014,6.853,0.431
821,Croatia,HRV,2017,4.475,0.0787,1.204,5.3074,0.5256
822,Croatia,HRV,2018,4.2581,0.0749,1.3354,7.7009,0.6701
823,Croatia,HRV,2019,4.3045,0.0831,1.4673,5.8261,0.9703
824,Croatia,HRV,2020,4.1366,0.084059115,1.732291574,5.667144228,1.068581799
920,Czechia,CZE,2004,12.5172,0.0001,0.0099,2.0191,0.580831
921,Czechia,CZE,2005,12.2516,6.8e-05,0.02128,2.37991,0.648312
922,Czechia,CZE,2006,12.2826,0.00017,0.049375,2.55073,0.912375
923,Czechia,CZE,2007,12.3878,0.001754,0.125098,2.079338,1.187319
924,Czechia,CZE,2008,11.7978,0.012937,0.244661,2.024335,1.456526
925,Czechia,CZE,2009,10.9875,0.088807,0.288067,2.42962,1.86202
926,Czechia,CZE,2010,11.1615,0.615702,0.335493,2.7894,2.146246
927,Czechia,CZE,2011,10.8993,2.118,0.3968,2.1341,2.705329
928,Czechia,CZE,2012,10.5175,2.1731,0.4173,2.2315,3.361419
929,Czechia,CZE,2013,10.0624,2.0702,0.4783,2.8564,3.995469
930,Czechia,CZE,2014,9.8285,2.1229,0.4765,1.9092,4.661073
931,Czechia,CZE,2015,9.8916,2.2638,0.5726,1.7948,4.791685
932,Czechia,CZE,2016,10.0468,2.131,0.497,2.0005,4.76655
933,Czechia,CZE,2017,10.113,2.193368,0.591038,1.8695,4.964567
934,Czechia,CZE,2018,9.9508,2.339677,0.60933,1.6274,4.826179
935,Czechia,CZE,2019,9.4312,2.2859,0.7,2.008,5.0306
936,Czechia,CZE,2020,8.215,2.2331,0.6991,2.1423,5.0917
968,Denmark,DNK,1996,14.2443,0.000161111,1.2269,0.0193,0.83218319
969,Denmark,DNK,1997,12.4014,0.000319444,1.9342,0.0192,0.975667404
970,Denmark,DNK,1998,11.5499,0.0004,2.8199,0.0273,1.078156976
971,Denmark,DNK,1999,11.018,0.000880556,3.029,0.0305,1.318908975
972,Denmark,DNK,2000,10.1647,0.0012,4.2412,0.0302,1.29960556
973,Denmark,DNK,2001,10.429,0.0012,4.306019444,0.0276,1.511559209
974,Denmark,DNK,2002,10.3369,0.001280556,4.876938889,0.0318,1.879121531
975,Denmark,DNK,2003,11.2543,0.001519444,5.560783333,0.0212,2.493351539
976,Denmark,DNK,2004,10.1941,0.001838889,6.583111111,0.0265,2.910754742
977,Denmark,DNK,2005,9.5001,0.002161111,6.614,0.0225,3.174249465
978,Denmark,DNK,2006,10.9158,0.002213889,6.107958333,0.0234,3.069949343
979,Denmark,DNK,2007,9.9921,0.002494444,7.1712,0.0282,3.105063804
980,Denmark,DNK,2008,9.3165,0.002622222,6.9278,0.0258,3.140571269
981,Denmark,DNK,2009,8.8333,0.00375,6.7205,0.0189,3.320257592
982,Denmark,DNK,2010,8.8518,0.006161111,7.809422222,0.020641667,4.593930556
983,Denmark,DNK,2011,7.9196,0.015130556,9.774183333,0.016869444,4.375025
984,Denmark,DNK,2012,7.1005,0.103861111,10.26993889,0.017475,4.446005556
985,Denmark,DNK,2013,7.4042,0.517541667,11.123275,0.013419444,4.313502778
986,Denmark,DNK,2014,6.6282,0.595516667,13.07850278,0.015102778,4.301852778
987,Denmark,DNK,2015,6.1884,0.604261111,14.13309167,0.018030556,4.200627778
988,Denmark,DNK,2016,6.4803,0.743780556,12.78173056,0.019272222,4.913772222
989,Denmark,DNK,2017,6.061,0.751486111,14.78,0.017872222,6.354777778
990,Denmark,DNK,2018,6.0277,0.952973,13.90195556,0.014861111,6.040580556
991,Denmark,DNK,2019,5.3531,0.963269444,16.14983333,0.017216667,6.163630556
992,Denmark,DNK,2020,4.5224,1.181313918,16.35334961,0.016561268,5.277787419
1035,Ecuador,ECU,2007,2.3562,1.8162e-05,0.000962135,9.03765528,0.218752751
1036,Ecuador,ECU,2008,2.0345,2.6687e-05,0.002682461,11.29333301,0.208324462
1037,Ecuador,ECU,2009,2.2,7.88e-06,0.003204417,9.225407229,0.216519797
1039,Ecuador,ECU,2011,2.4533,5.812e-05,0.00334467,11.13308825,0.27820037
1040,Ecuador,ECU,2012,2.401,0.00032566,0.002398368,12.23772341,0.296353242
1041,Ecuador,ECU,2013,2.506,0.003663607,0.056702975,11.03882457,0.29578793
1042,Ecuador,ECU,2014,2.7086,0.016482696,0.079742467,11.45789563,0.399471183
1043,Ecuador,ECU,2015,2.5141,0.036057927,0.098806317,13.09627001,0.407751048
1044,Ecuador,ECU,2016,2.3955,0.038754818,0.08395875,15.83384201,0.489796491
1045,Ecuador,ECU,2017,2.3399,0.03748,0.0734,20.08861,0.43085
1046,Ecuador,ECU,2018,2.2195,0.038079324,0.080257771,20.67800187,0.427967651
1047,Ecuador,ECU,2019,2.1157,0.16645228,0.085526937,24.66426354,0.454723448
1048,Ecuador,ECU,2020,1.7532,0.166446255,0.085526937,24.76799493,0.484793657
1129,Estonia,EST,2009,10.8439,0.0001,0.195,0.032,0.314
1130,Estonia,EST,2010,14.2596,0.0001,0.277,0.027,0.742
1131,Estonia,EST,2011,14.3789,0.0002,0.368,0.03,0.783
1132,Estonia,EST,2012,13.4876,0.0003,0.434,0.042,1.001
1133,Estonia,EST,2013,14.9635,0.0014,0.529,0.026,0.667
1134,Estonia,EST,2014,14.3475,0.0031,0.604,0.0267,0.74
1135,Estonia,EST,2015,12.0574,0.0059,0.7151,0.027,0.779
1136,Estonia,EST,2016,13.3439,0.009677,0.594,0.035,0.885
1137,Estonia,EST,2017,14.2403,0.014492,0.723,0.026,1.683898
1138,Estonia,EST,2018,13.5644,0.030802,0.636,0.015,1.242
1139,Estonia,EST,2019,9.3391,0.116448942,0.687,0.019,1.296
1140,Estonia,EST,2020,7.8795,0.125815067,0.82328179,0.038415301,1.344075622
1160,Europe,EUR,1984,10.5675,0.001010101,0.0382,485.1935345,10.51057781
1161,Europe,EUR,1985,10.9836,0.001010101,0.0574,502.9945407,10.96141274
1162,Europe,EUR,1986,10.9575,0.001010101,0.1336,486.0931835,13.01880956
1164,Europe,EUR,1988,10.9518,0.001010101,0.3297,567.4690014,13.6780998
1165,Europe,EUR,1989,10.8679,0.009090909,0.5154,493.8059307,13.53727589
1166,Europe,EUR,1990,11.1122,0.0125,0.779460415,502.4571504,18.95285263
1167,Europe,EUR,1991,10.6661,0.0155,0.980027988,513.0917745,19.549433
1168,Europe,EUR,1992,9.7653,0.027088,1.53504808,529.6566497,20.709603
1169,Europe,EUR,1993,9.3531,0.032383,2.284826092,550.4667647,22.879095
1170,Europe,EUR,1994,8.849,0.0376885,2.979235703,557.1966285,24.01789971
1171,Europe,EUR,1995,8.8176,0.04684,3.863029201,564.8899094,26.49863146
1172,Europe,EUR,1996,8.8846,0.053811411,4.828585245,548.0862941,26.68019984
1173,Europe,EUR,1997,8.6052,0.063926244,7.295492956,567.678972,31.66351939
1174,Europe,EUR,1998,8.5755,0.0870885,11.17647914,593.9041617,36.11504184
1175,Europe,EUR,1999,8.464,0.091198056,14.24432177,598.1808529,38.09960017
1176,Europe,EUR,2000,8.4676,0.13447325,22.4547142,617.66352,42.3312483
1177,Europe,EUR,2001,8.6396,0.1702025,26.93428666,612.0409616,44.95466864
1178,Europe,EUR,2002,8.5859,0.276755006,36.42594931,563.9424434,50.65633618
1179,Europe,EUR,2003,8.7769,0.468697744,44.53115229,529.5685025,57.9809708
1180,Europe,EUR,2004,8.8074,0.751097873,59.29678686,570.1533941,68.80114151
1181,Europe,EUR,2005,8.7814,1.486383246,71.09674937,571.7251909,78.67317876
1182,Europe,EUR,2006,8.9017,2.524087814,83.16413988,561.9088764,89.27725775
1183,Europe,EUR,2007,8.8135,3.815704819,105.7131938,563.9636046,99.46983003
1184,Europe,EUR,2008,8.6965,7.501071132,121.3539015,593.0331391,110.0447411
1185,Europe,EUR,2009,7.9806,14.19283506,135.3832286,589.7448745,120.7465527
1186,Europe,EUR,2010,8.2728,23.26343602,153.4434969,649.8001668,136.8909383
1187,Europe,EUR,2011,8.1552,46.71354931,186.6574032,569.648632,146.1651356
1188,Europe,EUR,2012,8.0705,71.86993816,215.0324051,625.9225576,162.9488716
1189,Europe,EUR,2013,7.8447,86.9351168,248.1152558,661.7647115,174.1599448
1190,Europe,EUR,2014,7.5271,98.83569401,264.81502,644.059181,186.0253069
1191,Europe,EUR,2015,7.5207,109.7895377,318.93123,636.0122862,198.8159819
1192,Europe,EUR,2016,7.5029,113.8307704,322.8678763,651.0461652,203.523064
1193,Europe,EUR,2017,7.5315,124.2626449,384.2165214,584.3196897,211.2576334
1194,Europe,EUR,2018,7.4849,138.5482445,403.2175948,646.6667574,218.1569327
1195,Europe,EUR,2019,7.2595,152.7537127,460.0298128,627.934014,227.1704194
1196,Europe,EUR,2020,6.6081,178.8538857,510.138071,655.3401697,232.0163834
1223,Finland,FIN,1991,11.004,0.0005,0.0006,13.1979798,4.999
1224,Finland,FIN,1992,10.7602,0.0006,0.0024,15.10808081,4.95
1225,Finland,FIN,1993,11.1101,0.0007,0.0044,13.47373737,5.958
1226,Finland,FIN,1994,12.1071,0.0008,0.0072,11.77979798,6.465
1227,Finland,FIN,1995,11.3577,0.0008,0.0108,12.91707071,6.608
1228,Finland,FIN,1996,12.4697,0.001,0.011,11.82191919,5.889
1229,Finland,FIN,1997,12.1744,0.0012,0.0166,11.9140404,7.891
1230,Finland,FIN,1998,11.4963,0.0013,0.023,14.92585859,9.333
1231,Finland,FIN,1999,11.3781,0.0014,0.049,12.67343434,8.363
1232,Finland,FIN,2000,10.9944,0.0016,0.0766,14.59878788,8.588526316
1233,Finland,FIN,2001,12.0251,0.0017,0.0696,13.14959596,8.211789474
1234,Finland,FIN,2002,12.4794,0.0019,0.063,10.73040404,8.932421053
1235,Finland,FIN,2003,13.9002,0.0021,0.0919,9.550505051,9.292
1236,Finland,FIN,2004,13.155,0.0024,0.1203,15.01505051,10.37094737
1237,Finland,FIN,2005,10.8477,0.0026,0.1683,13.56363636,9.479473684
1238,Finland,FIN,2006,12.9587,0.0034,0.1527,11.42727273,10.75663158
1239,Finland,FIN,2007,12.6026,0.0038,0.1884,14.13191919,9.928
1240,Finland,FIN,2008,11.0193,0.0039,0.2605,17.08030303,10.39126316
1241,Finland,FIN,2009,10.4706,0.0043,0.2766,12.7,8.743578947
1242,Finland,FIN,2010,11.9467,0.0047,0.2943,12.87171717,10.98021053
1243,Finland,FIN,2011,10.5132,0.0053,0.4814,12.40232323,11.18284211
1244,Finland,FIN,2012,9.461,0.0057,0.4943,16.83525253,11.10126316
1245,Finland,FIN,2013,9.5106,0.0065,0.7737,12.80040404,11.94263158
1246,Finland,FIN,2014,8.7239,0.008,1.1072,13.37393939,11.70726316
1247,Finland,FIN,2015,8.0506,0.011111111,2.350505051,16.75151515,11.31789474
1248,Finland,FIN,2016,8.5907,0.022222222,3.098989899,15.79191919,11.42210526
1249,Finland,FIN,2017,8.1018,0.049494949,4.843434343,14.75757576,11.83368421
1250,Finland,FIN,2018,8.3021,0.090909091,5.897979798,13.26969697,12.82526316
1251,Finland,FIN,2019,7.6907,0.148484848,6.085858586,12.36262626,13.20210526
1252,Finland,FIN,2020,7.0907,0.258585859,8.050505051,15.76565657,11.23368421
1280,France,FRA,1992,7.1216,0.001488,0.000489604,68.956,2.134
1281,France,FRA,1993,6.7573,0.001683,0.00240218,64.895,1.974
1282,France,FRA,1994,6.6165,0.0018785,0.004704,78.794,2.157
1283,France,FRA,1995,6.6776,0.00204,0.0047142,73.119,2.329
1284,France,FRA,1996,6.9365,0.0026503,0.0074302,66.044,2.423
1285,France,FRA,1997,6.7887,0.0034068,0.0111284,63.764,2.675
1286,France,FRA,1998,7.0821,0.0040885,0.0194972,62.093,2.653
1287,France,FRA,1999,7.0105,0.0045475,0.03694443,72.514,2.853
1288,France,FRA,2000,6.8779,0.00522325,0.048,66.363,2.986
1289,France,FRA,2001,6.9132,0.0061605,0.131,74.268,3.334
1290,France,FRA,2002,6.7891,0.00710345,0.265,60.397,3.537
1291,France,FRA,2003,6.8371,0.0077673,0.388,58.943,3.717
1292,France,FRA,2004,6.8066,0.008447984,0.595,59.555,3.782
1293,France,FRA,2005,6.7984,0.01050076,0.962,51.48,3.872
1294,France,FRA,2006,6.5968,0.01190605,2.182,56.303,3.841
1295,France,FRA,2007,6.3913,0.018,4.07,57.604,4.216
1296,France,FRA,2008,6.2369,0.042,5.694,63.654,4.436
1297,France,FRA,2009,5.8941,0.174,7.912,56.994,4.578
1298,France,FRA,2010,5.9888,0.62,9.945,62.714,4.917
1299,France,FRA,2011,5.5951,2.078,12.052,44.791,5.48
1300,France,FRA,2012,5.5996,4.016,15.107985,58.782451,6.347100309
1301,France,FRA,2013,5.5958,4.735,16.054344,70.844045,7.809869579
1302,France,FRA,2014,5.0766,5.913,17.250189,62.829519,8.320373691
1303,France,FRA,2015,5.1186,7.263162598,21.350168,54.556958,8.844253078
1304,France,FRA,2016,5.1584,8.164943217,21.307965,59.923428,9.63590156
1305,France,FRA,2017,5.1971,9.102625159,24.54369,48.964453,10.33382147
1306,France,FRA,2018,4.9603,10.41155151,28.53087,63.915768,10.55007859
1307,France,FRA,2019,4.8508,11.74733649,34.615359,56.027713,10.74396169
1308,France,FRA,2020,4.2381,13.074786,40.60381527,61.30322,10.59525991
1334,Germany,DEU,1990,13.3134,0.001,0.071,17.335,1.435
1335,Germany,DEU,1991,12.759,0.001,0.1,15.85,1.471
1336,Germany,DEU,1992,12.0792,0.004,0.275,18.635,1.558
1337,Germany,DEU,1993,11.888,0.003,0.6,18.96,1.635
1338,Germany,DEU,1994,11.6266,0.007,0.909,20.195,1.875
1339,Germany,DEU,1995,11.5724,0.007,1.5,21.556,2.01
1340,Germany,DEU,1996,11.7942,0.012,2.032,18.818,2.098
1341,Germany,DEU,1997,11.4414,0.018,2.966,18.952,2.273
1342,Germany,DEU,1998,11.3431,0.035,4.489,19.002,3.256
1343,Germany,DEU,1999,11.0072,0.03,5.528,20.686,3.585
1344,Germany,DEU,2000,11.0546,0.06,9.513,24.86675,4.731
1345,Germany,DEU,2001,11.2536,0.076,10.509,23.241,5.214
1346,Germany,DEU,2002,11.0378,0.162,15.786,23.66175,6.048
1347,Germany,DEU,2003,11.0416,0.313,18.713,17.722,8.841
1348,Germany,DEU,2004,10.865,0.557,25.509,20.096,10.4712
1349,Germany,DEU,2005,10.6209,1.282,27.229,19.639,14.3542
1350,Germany,DEU,2006,10.7806,2.22,30.71,20.0085,18.7004
1351,Germany,DEU,2007,10.4779,3.075,39.713,21.169,24.3634
1352,Germany,DEU,2008,10.5461,4.42,40.574,20.443,27.8096
1353,Germany,DEU,2009,9.7688,6.583,38.648,19.031,30.9048
1354,Germany,DEU,2010,10.3053,11.729,38.547,20.953,33.9517
1355,Germany,DEU,2011,10.0082,19.599,49.857,17.672274,36.9098
1356,Germany,DEU,2012,10.0526,26.38,51.68,22.09,43.2284
1357,Germany,DEU,2013,10.2428,31.01,52.737,22.998,45.593
1358,Germany,DEU,2014,9.7309,36.056,58.497,19.58710177,48.385
1359,Germany,DEU,2015,9.7278,38.726,80.624,18.97715888,50.459
1360,Germany,DEU,2016,9.7415,38.098,79.924,20.54634396,51.10351075
1361,Germany,DEU,2017,9.5076,39.401,105.693,20.15,51.08045514
1362,Germany,DEU,2018,9.0721,45.784,109.951,17.975,51.07852221
1363,Germany,DEU,2019,8.5184,46.392,125.894,20.19231996,50.41662869
1364,Germany,DEU,2020,7.6901,50.6,130.965,18.633,50.81558988
1404,Greece,GRC,2004,9.7505,0.001,1.121,4.672,0.123
1405,Greece,GRC,2005,10.1499,0.001,1.266,5.017,0.122
1406,Greece,GRC,2006,10.0554,0.001,1.699,5.865,0.114
1407,Greece,GRC,2007,10.3047,0.001,1.818,2.591,0.184
1408,Greece,GRC,2008,10.0654,0.005,2.242,3.312,0.191
1409,Greece,GRC,2009,9.5221,0.05,2.543,5.374,0.218
1410,Greece,GRC,2010,8.9424,0.158,2.714,7.46,0.19
1411,Greece,GRC,2011,8.7311,0.61,3.315,4.011,0.207
1412,Greece,GRC,2012,8.4806,1.694,3.85,4.403,0.204
1413,Greece,GRC,2013,7.6101,3.648,4.139,6.346,0.216
1414,Greece,GRC,2014,7.3506,3.792,3.689,4.476,0.22
1415,Greece,GRC,2015,7.0322,3.9,4.621,6.098,0.231
1416,Greece,GRC,2016,6.7236,3.93,5.146,5.543,0.274
1417,Greece,GRC,2017,7.0822,3.991477,5.536987,3.962547,0.310028
1418,Greece,GRC,2018,6.8244,3.790652,6.300259,5.743448,0.31407
1419,Greece,GRC,2019,6.2764,4.42851,7.266347,3.977615,0.402027
1420,Greece,GRC,2020,5.0115,4.872224617,9.30546379,3.439755625,0.372932887
1520,Hungary,HUN,2008,5.7295,0.001,0.205,0.213,1.938
1521,Hungary,HUN,2009,5.168,0.001,0.331,0.228,2.335
1522,Hungary,HUN,2010,5.245,0.001,0.527,0.188,2.297
1523,Hungary,HUN,2011,5.072,0.001,0.626,0.222,1.859
1524,Hungary,HUN,2012,4.74,0.008,0.771181,0.213,1.655
1525,Hungary,HUN,2013,4.4326,0.025,0.717905,0.213,1.832
1526,Hungary,HUN,2014,4.4547,0.067,0.65654,0.301,2.126
1527,Hungary,HUN,2015,4.7674,0.141,0.693,0.234,2.161
1528,Hungary,HUN,2016,4.8264,0.244,0.684,0.259,2.071
1529,Hungary,HUN,2017,5.0825,0.349,0.758,0.22,2.155
1530,Hungary,HUN,2018,5.0897,0.629,0.607,0.222,2.309
1531,Hungary,HUN,2019,5.0678,1.497,0.729,0.219,2.242
1532,Hungary,HUN,2020,4.9973,2.371,0.643,0.244,2.117
1619,India,IND,1995,0.7906,0.001010101,0.49647,75.9208726,0.563795045
1620,India,IND,1996,0.8407,0.006060606,0.87838,69.0575444,0.756148649
1621,India,IND,1997,0.8589,0.006060606,0.988,70.2110078,0.981666667
1622,India,IND,1998,0.8609,0.006060606,1.079,83.6327256,1.292527778
1623,India,IND,1999,0.9169,0.006060606,1.446,82.2494534,1.686078829
1624,India,IND,2000,0.9265,0.007070707,1.582,76.9903674,1.686078829
1625,India,IND,2001,0.9233,0.011111111,2.085,72.0229618,2.069149925
1626,India,IND,2002,0.9357,0.013131313,2.085,68.544894,2.139900676
1627,India,IND,2003,0.9533,0.016161616,2.60448,69.296192,2.712539565
1628,India,IND,2004,0.9963,0.018181818,5.22543,100.636,3.314363138
1629,India,IND,2005,1.0334,0.018181818,5.991,97.42,4.035136411
1630,India,IND,2006,1.0809,0.0072,9.3373,112.6173323,5.587
1631,India,IND,2007,1.1479,0.059,11.6828,122.6130975,7.403
1632,India,IND,2008,1.2183,0.063,14.3782,115.16902,9.302
1633,India,IND,2009,1.3244,0.075,16.271,106.3380275,11.642
1634,India,IND,2010,1.3594,0.113,19.4564,108.7440975,14.295
1635,India,IND,2011,1.4238,0.827,23.9523,131.7045975,17.137
1636,India,IND,2012,1.5513,2.099,27.4326,115.776375,19.936
1637,India,IND,2013,1.5903,3.433,30.0074,131.98302,22.478
1638,India,IND,2014,1.6871,4.909,33.4549,138.9962925,24.676
1639,India,IND,2015,1.7315,6.56638,32.74138,133.2825367,25.818
1640,India,IND,2016,1.7986,11.55598,43.45283,128.3816139,24.81684573
1641,India,IND,2017,1.8181,21.54458,52.62495,135.8233107,24.90818624
1642,India,IND,2018,1.922,36.33131,60.31116,139.753029,27.22409007
1643,India,IND,2019,1.9218,46.2677,63.31423,162.0153397,29.66709432
1644,India,IND,2020,1.7694,58.68346744,60.42740262,163.640106,32.09817682
1688,Indonesia,IDN,2008,1.5556,0.0001,0.00027,11.52825,8.336595
1689,Indonesia,IDN,2009,1.6845,0.0001,0.00367,11.38385,9.326545
1690,Indonesia,IDN,2010,1.8688,0.00052,0.00364,17.45622,9.40429
1691,Indonesia,IDN,2011,2.0593,0.00077,0.00469,12.4189,9.47989
1692,Indonesia,IDN,2012,2.0991,0.00301,0.00461,12.79911,9.550715
1693,Indonesia,IDN,2013,1.9701,0.0055,0.0001,16.92278,9.50575
1695,Indonesia,IDN,2015,2.1343,0.00528,0.0037,13.74053,10.287645
1696,Indonesia,IDN,2016,2.1443,0.02109,0.00569,18.67689,10.950965
1698,Indonesia,IDN,2018,2.2972,0.01999,0.18798,16.82738,14.33001
1699,Indonesia,IDN,2019,2.441,0.054,0.482,16.546,14.346
1700,Indonesia,IDN,2020,2.1552,0.472689195,0.472689195,19.45437873,15.88226164
1745,Iran,IRN,2009,7.6658,0.0003,0.2262,6.723,0.0017
1746,Iran,IRN,2010,7.7244,0.0007,0.2089,10.252,0.0102
1747,Iran,IRN,2011,7.7355,0.0007,0.2135,10.684,0.022
1748,Iran,IRN,2012,7.9791,0.0007,0.2043,12.502,0.0226
1749,Iran,IRN,2013,7.9785,0.0007,0.2113,14.624,0.0193
1750,Iran,IRN,2014,8.2855,0.0007,0.1977,14.504,0.0466
1751,Iran,IRN,2015,8.0088,0.0015,0.2422,13.252,0.0163
1752,Iran,IRN,2016,8.0107,0.005,0.2643,15.422,0.0218
1753,Iran,IRN,2017,8.8288,0.085805,0.306258,17.232,0.02444
1754,Iran,IRN,2018,8.6449,0.221816,0.585379,11.39147271,0.02444
1755,Iran,IRN,2019,8.8449,0.284322725,0.627310405,28.96311185,0.02444
1756,Iran,IRN,2020,8.8702,0.320649434,0.629344701,21.17150411,0.02444
1857,Ireland,IRL,2009,9.3847,0.000424236,2.955749215,0.901734,0.251354476
1858,Ireland,IRL,2010,9.1767,0.000476107,2.815165684,0.599231,0.315056213
1859,Ireland,IRL,2011,8.298,0.000542081,4.381103159,0.706687,0.336096782
1860,Ireland,IRL,2012,8.2987,0.000645929,4.011200122,0.802349,0.439326552
1861,Ireland,IRL,2013,8.0798,0.000699463,4.542331953,0.599497,0.48095159
1862,Ireland,IRL,2014,7.9771,0.000946215,5.140986328,0.708654,0.536249307
1863,Ireland,IRL,2015,8.3156,0.001616621,6.574180747,0.80649,0.476241666
1864,Ireland,IRL,2016,8.5514,0.005342642,6.149,0.681025,0.681
1865,Ireland,IRL,2017,8.2329,0.010801,7.444742,0.691603,0.729833
1866,Ireland,IRL,2018,8.134,0.016656,8.639767,0.69409,0.848341
1867,Ireland,IRL,2019,7.6345,0.02135,10.019485,0.886582718,0.852089
1868,Ireland,IRL,2020,6.7538,0.02135,11.554372,0.933400669,0.93294041
1913,Israel,ISR,2009,8.8819,0.024,0.009,0.024,0.042
1914,Israel,ISR,2010,9.2952,0.07,0.008,0.031,0.061
1915,Israel,ISR,2011,9.1617,0.192,0.007,0.029,0.073
1916,Israel,ISR,2012,9.8208,0.369,0.006,0.033,0.076
1917,Israel,ISR,2013,8.162,0.4941,0.006,0.0277,0.043
1918,Israel,ISR,2014,7.684,0.8404,0.0059,0.0127,0.0975
1919,Israel,ISR,2015,7.8931,1.2162,0.0067,0.0245,0.0702
1949,Italy,ITA,1989,7.0972,0.002020202,0.002,34.057,3.197
1950,Italy,ITA,1990,7.7049,0.004,0.001919192,31.626,3.271
1951,Italy,ITA,1991,7.6915,0.005,0.002878788,42.239,3.292
1952,Italy,ITA,1992,7.6877,0.009,0.001919192,42.2,3.556
1953,Italy,ITA,1993,7.5459,0.011,0.003838384,41.425,3.783
1954,Italy,ITA,1994,7.4422,0.011,0.006717172,44.658,3.564
1955,Italy,ITA,1995,7.8676,0.013,0.008636364,37.782,3.654
1956,Italy,ITA,1996,7.7811,0.014,0.031666667,42.037,4.139
1957,Italy,ITA,1997,7.9038,0.015,0.118,41.603,4.47
1958,Italy,ITA,1998,8.1411,0.016,0.232,41.22,5.009
1959,Italy,ITA,1999,8.2326,0.017,0.403,45.365,5.53
1960,Italy,ITA,2000,8.2991,0.018,0.563,44.2,6.099
1961,Italy,ITA,2001,8.2738,0.019,1.179,46.811,6.338
1962,Italy,ITA,2002,8.3593,0.021,1.404,39.519,7.372
1963,Italy,ITA,2003,8.6158,0.024,1.458,36.67,8.714
1964,Italy,ITA,2004,8.6554,0.029,1.847,42.338,9.657
1965,Italy,ITA,2005,8.6179,0.031,2.343,36.067,9.998
1966,Italy,ITA,2006,8.4877,0.035,2.971,36.994,10.635
1967,Italy,ITA,2007,8.351,0.039,4.034,32.815,10.827
1968,Italy,ITA,2008,8.1277,0.193,4.861,41.623,11.486
1969,Italy,ITA,2009,7.1861,0.677,6.543,49.138,12.8987
1970,Italy,ITA,2010,7.3519,1.9057,9.1259,51.117,14.816
1971,Italy,ITA,2011,7.1201,10.7957,9.8564,45.823,16.4867
1972,Italy,ITA,2012,6.7377,18.8617,13.4071,41.875,18.0786
1973,Italy,ITA,2013,6.1468,21.5886,14.897,52.774,22.7493
1974,Italy,ITA,2014,5.7869,22.3064,15.1783,58.545,24.6487
1975,Italy,ITA,2015,5.9642,22.9422,14.8439,44.1053,25.5807
1976,Italy,ITA,2016,5.9025,22.1043,17.6887,40.6068,25.7972
1977,Italy,ITA,2017,5.8155,24.3777,17.7419,34.37274,25.5794
1978,Italy,ITA,2018,5.7568,22.6538,17.7164,48.8248,25.258
1979,Italy,ITA,2019,5.6114,23.6889,20.202,46.3565,25.6375
1980,Italy,ITA,2020,5.0249,25.95316064,18.7025304,46.69676059,25.65473402
2009,Japan,JPN,1993,9.3259,0.0225,0.000959596,92.58,11.559372
2010,Japan,JPN,1994,9.7362,0.029,0.000959596,64.462,13.472534
2011,Japan,JPN,1995,9.8098,0.0395,0.000959596,78.793,14.295146
2012,Japan,JPN,1996,9.8823,0.0545,0.001919192,77.173,15.247687
2013,Japan,JPN,1997,9.8097,0.096302846,0.000959596,86.44,16.437627
2014,Japan,JPN,1998,9.4794,0.14324625,0.007070707,89.079,16.172629
2015,Japan,JPN,1999,9.7514,0.218025,0.036363636,83.792,16.48681
2016,Japan,JPN,2000,9.9148,0.344061719,0.109,84.468,16.111082
2017,Japan,JPN,2001,9.7857,0.499739219,0.252,81.537,16.02874
2018,Japan,JPN,2002,10.0015,0.69462,0.413,80.6,16.93931
2019,Japan,JPN,2003,10.0538,0.953955,0.832,92.472,17.876465
2020,Japan,JPN,2004,10.0064,1.271622123,1.44,91.667,18.053456
2021,Japan,JPN,2005,10.0554,1.630088373,1.91,77.56149916,21.686
2022,Japan,JPN,2006,9.8687,1.99563,2.135,88.80700606,21.528
2023,Japan,JPN,2007,10.1416,2.3124675,2.74,74.50974032,22.198
2024,Japan,JPN,2008,9.5871,2.593971257,2.945,75.16437292,21.293
2025,Japan,JPN,2009,9.0484,3.045512507,3.427302299,70.46622009,20.325751
2026,Japan,JPN,2010,9.4507,3.98137875,3.925729063,88.50272695,21.827083
2027,Japan,JPN,2011,9.8434,5.43915,4.459041,82.48676065,21.105194
2028,Japan,JPN,2012,10.1695,7.371902764,4.727417,77.09999027,22.1299815
2029,Japan,JPN,2013,10.251,12.90878151,5.133169068,79.33157053,23.17670147
2030,Japan,JPN,2014,9.8599,23.54816625,5.01397161,81.70857804,23.62768075
2031,Japan,JPN,2015,9.5589,34.54017195,5.222806579,85.76511581,28.48517469
2032,Japan,JPN,2016,9.4215,43.32569293,5.340768811,79.42587496,23.67085294
2033,Japan,JPN,2017,9.3184,54.24169091,5.82717014,79.29134745,27.3897286
2034,Japan,JPN,2018,8.9893,62.11436263,6.444881462,81.10678953,30.13191812
2035,Japan,JPN,2019,8.7177,72.2570303,6.748665019,73.64050985,32.15621198
2036,Japan,JPN,2020,8.1499,82.92248283,7.789507775,77.53846663,34.87056805
2067,Kazakhstan,KAZ,2015,16.4228,0.046171,0.1317223,9.2691904,0.000476
2068,Kazakhstan,KAZ,2016,16.1902,0.0884031,0.2749828,11.6207639,0.00186
2069,Kazakhstan,KAZ,2017,17.0303,0.0926455,0.3397637,11.2101847,0.0021442
2070,Kazakhstan,KAZ,2018,17.3191,0.1412636,0.3853151,10.376336,0.0024284
2071,Kazakhstan,KAZ,2019,15.9486,0.3912209,0.7071334,9.9936588,0.0051146
2072,Kazakhstan,KAZ,2020,15.5158,2.572042476,1.135432165,9.79595097,0.0054196
2155,Latvia,LVA,2011,3.7308,0.0002,0.071,2.887,0.12
2156,Latvia,LVA,2012,3.6343,0.0002,0.108,3.7,0.288
2157,Latvia,LVA,2013,3.6032,0.0002,0.119,2.912,0.502
2158,Latvia,LVA,2014,3.5483,0.0002,0.101,1.994,0.669
2159,Latvia,LVA,2015,3.6353,0.0002,0.147,1.868,0.769
2160,Latvia,LVA,2016,3.6522,0.000382,0.13,2.529,0.823
2161,Latvia,LVA,2017,3.6979,0.00044,0.15,4.38062,0.93064
2162,Latvia,LVA,2018,4.0755,0.001273,0.122038,2.431569,0.943715
2163,Latvia,LVA,2019,4.0111,0.003137,0.153999,2.107554,0.92742
2164,Latvia,LVA,2020,3.5907,0.003137,0.178,2.604,0.889059561
2191,Lithuania,LTU,2011,4.6354,0.0001,0.475,0.4799,0.157
2192,Lithuania,LTU,2012,4.7102,0.0023,0.5401,0.4223,0.218
2193,Lithuania,LTU,2013,4.4384,0.0448,0.6027,0.5212,0.357
2194,Lithuania,LTU,2014,4.4108,0.073,0.6391,0.3982,0.3998
2195,Lithuania,LTU,2015,4.543,0.0733,0.8103,0.3496,0.4465
2196,Lithuania,LTU,2016,4.6205,0.0665,1.1359,0.4539,0.4323
2197,Lithuania,LTU,2017,4.7697,0.0665,1.3638,0.6024,0.5036
2198,Lithuania,LTU,2018,4.8893,0.08,1.145,0.45,0.47
2199,Lithuania,LTU,2019,5.0453,0.0911,1.4994,0.3454,0.5332
2200,Lithuania,LTU,2020,5.0691,0.089774573,1.562093023,0.300106141,0.611495989
2236,Luxembourg,LUX,2000,19.972,4e-05,0.024743,0.123504,0.022352
2237,Luxembourg,LUX,2001,20.9167,4.6e-05,0.02374,0.118032,0.025873
2238,Luxembourg,LUX,2002,22.4994,5.9e-05,0.024479,0.099731,0.027015
2239,Luxembourg,LUX,2003,23.3814,0.001399,0.026168,0.07942,0.034151
2240,Luxembourg,LUX,2004,26.1805,0.009199,0.039399,0.104058,0.042575
2241,Luxembourg,LUX,2005,26.3996,0.017698,0.052251,0.092939,0.046163
2242,Luxembourg,LUX,2006,25.6002,0.021114,0.057986,0.111312,0.055216
2243,Luxembourg,LUX,2007,23.8294,0.020901,0.064286,0.116702,0.062667
2244,Luxembourg,LUX,2008,23.04,0.020031,0.060589,0.132114,0.069648
2245,Luxembourg,LUX,2009,21.4251,0.020316,0.063472,0.105839,0.078185
2246,Luxembourg,LUX,2010,22.0663,0.021148,0.055083,0.107661,0.08414
2247,Luxembourg,LUX,2011,21.379,0.025744,0.06405,0.063,0.092979
2248,Luxembourg,LUX,2012,20.4692,0.038277,0.077466,0.098302,0.094011
2249,Luxembourg,LUX,2013,19.0222,0.073738,0.083027,0.119195,0.094211
2250,Luxembourg,LUX,2014,17.7382,0.094741,0.079876,0.107788,0.115225
2251,Luxembourg,LUX,2015,16.4943,0.103721,0.101848,0.099253,0.125964
2252,Luxembourg,LUX,2016,15.697,0.100288,0.101486,0.115411,0.140018
2253,Luxembourg,LUX,2017,15.6464,0.108463,0.234823,0.085649,0.17138
2254,Luxembourg,LUX,2018,15.8354,0.119725,0.254575,0.092778,0.217402
2255,Luxembourg,LUX,2019,15.8384,0.130385,0.281283,0.106915,0.277679
2256,Luxembourg,LUX,2020,13.059,0.206469353,0.348906912,0.0936708,0.385154203
2338,Mexico,MEX,1990,3.7769,0.001,0.001,24.48094444,5.124
2339,Mexico,MEX,1991,3.8606,0.002,0.001,22.62526389,5.832512475
2340,Mexico,MEX,1992,3.8218,0.003,0.001,26.81369444,6.365522981
2341,Mexico,MEX,1993,3.8146,0.004,0.001,26.65493056,6.49976067
2342,Mexico,MEX,1994,3.8991,0.005,0.005,20.27131944,6.2185254
2343,Mexico,MEX,1995,3.6176,0.005,0.007,27.59866667,6.414443481
2344,Mexico,MEX,1996,3.712,0.006,0.006,31.33627778,6.184555154
2345,Mexico,MEX,1997,3.8964,0.006,0.012,26.36209722,5.883246225
2346,Mexico,MEX,1998,4.043,0.007,0.015,24.59294444,6.138586032
2347,Mexico,MEX,1999,4.0059,0.007,0.017,32.71232,6.060001313
2348,Mexico,MEX,2000,4.0047,0.007,0.019,33.07488,6.358645108
2349,Mexico,MEX,2001,4.0948,0.008,0.018,28.43533,6.247497045
2350,Mexico,MEX,2002,4.0514,0.008,0.021,24.86159,6.071060368
2351,Mexico,MEX,2003,4.2467,0.008,0.019,19.852205,6.949712539
2352,Mexico,MEX,2004,4.199,0.009,0.02,25.17639361,7.261834336
2353,Mexico,MEX,2005,4.3771,0.009,0.019,27.70944556,8.13751914
2354,Mexico,MEX,2006,4.4307,0.01,0.045,30.44647472,7.48738685
2355,Mexico,MEX,2007,4.3948,0.009,0.248,27.33967417,8.249912841
2356,Mexico,MEX,2008,4.4487,0.019,0.255,39.22390917,7.896158096
2357,Mexico,MEX,2009,4.2316,0.027,0.596352778,26.72200556,7.547069263
2358,Mexico,MEX,2010,4.065,0.031,1.239111111,37.15799056,7.446049653
2359,Mexico,MEX,2011,4.1848,0.041,1.648321389,36.27041917,7.366924462
2360,Mexico,MEX,2012,4.232,0.069,3.688310278,31.91068806,6.760935214
2361,Mexico,MEX,2013,4.1247,0.106,4.184543889,28.02132194,7.322260778
2362,Mexico,MEX,2014,3.9976,0.221,6.426196667,38.89276889,7.136634289
2363,Mexico,MEX,2015,3.9552,0.2021975,8.745094722,30.89154056,7.63215399
2364,Mexico,MEX,2016,3.9146,0.143789167,10.37809472,30.69735306,7.609291411
2365,Mexico,MEX,2017,3.6854,1.185388334,10.61978167,31.84765583,8.123817313
2366,Mexico,MEX,2018,3.6081,3.18,13.08861111,32.48555556,9.63403574
2367,Mexico,MEX,2019,3.4138,7.366388895,16.72666668,23.60805557,8.225945146
2368,Mexico,MEX,2020,2.7686,11.87352963,19.70681841,26.83687235,7.59609979
2452,Netherlands,NLD,1992,11.2104,0.001,0.147,0.12,0.752
2453,Netherlands,NLD,1993,11.1479,0.001,0.174,0.092,0.863
2454,Netherlands,NLD,1994,11.1124,1e-05,0.238,0.1,0.939
2455,Netherlands,NLD,1995,11.1393,0.001,0.317,0.088,1.017
2456,Netherlands,NLD,1996,11.6591,0.002,0.437,0.08,1.316
2457,Netherlands,NLD,1997,11.1459,0.002,0.475,0.092,1.463
2458,Netherlands,NLD,1998,11.1436,0.0035,0.64,0.11231,1.590281
2459,Netherlands,NLD,1999,10.7314,0.00527,0.645,0.090249,1.788338
2460,Netherlands,NLD,2000,10.7424,0.00771,0.829,0.142393,2.013194
2461,Netherlands,NLD,2001,11.0007,0.01306,0.825,0.117324,2.358034
2462,Netherlands,NLD,2002,10.898,0.01704,0.946,0.109636,2.906752
2463,Netherlands,NLD,2003,11.0493,0.03074,1.318,0.072023,2.547534
2464,Netherlands,NLD,2004,11.1067,0.03314,1.867,0.095732,3.324906
2465,Netherlands,NLD,2005,10.8096,0.034199,2.067,0.088,5.276719
2466,Netherlands,NLD,2006,10.4682,0.035223,2.734,0.105199,5.194
2467,Netherlands,NLD,2007,10.4128,0.035712,3.437,0.107,4.026282
2468,Netherlands,NLD,2008,10.5541,0.038889,4.258333,0.1,5.082893
2469,Netherlands,NLD,2009,10.197,0.044444,4.583333,0.097222,6.111
2470,Netherlands,NLD,2010,10.8816,0.059444,3.993056,0.104167,7.058056
2471,Netherlands,NLD,2011,10.0531,0.100344,5.100171,0.057,7.083559
2472,Netherlands,NLD,2012,9.8084,0.253753,4.981829,0.104388,7.203605
2473,Netherlands,NLD,2013,9.7773,0.5159,5.627148,0.114312,5.954
2474,Netherlands,NLD,2014,9.3333,0.784762,5.797334,0.111925,5.013182
2475,Netherlands,NLD,2015,9.6939,1.121509,7.549873,0.093,4.93
2476,Netherlands,NLD,2016,9.7122,1.559424,8.170458,0.100079,4.90458
2477,Netherlands,NLD,2017,9.5533,2.204346,10.568801,0.060757,4.59935
2478,Netherlands,NLD,2018,9.3215,3.709364,10.548511,0.072348,4.571278
2479,Netherlands,NLD,2019,8.984,5.336055,11.507927,0.074182,5.814188
2480,Netherlands,NLD,2020,8.0596,8.056083036,15.268444,0.046368,8.68201817
2523,New Zealand,NZL,2007,8.6598,0.003405895,0.929879852,23.64049908,4.082557291
2524,New Zealand,NZL,2008,8.8153,0.003455616,1.058457695,22.34733764,4.729699258
2525,New Zealand,NZL,2009,8.0684,0.003589863,1.476460904,24.21744122,5.418774847
2526,New Zealand,NZL,2010,8.0162,0.003828525,1.637175763,24.72650624,6.44307175
2527,New Zealand,NZL,2011,7.8071,0.004126869,1.957218921,25.11066724,6.790536773
2528,New Zealand,NZL,2012,8.0873,0.004822949,2.07919556,22.89665603,6.878873563
2529,New Zealand,NZL,2013,7.8133,0.006628901,2.021870415,23.02907294,7.217165714
2530,New Zealand,NZL,2014,7.7791,0.018611273,2.211223767,24.31806076,7.988319337
2531,New Zealand,NZL,2015,7.8169,0.036799051,2.364129919,24.52994288,8.576232014
2532,New Zealand,NZL,2016,7.3627,0.057077441,2.330692112,25.92251076,8.563606927
2533,New Zealand,NZL,2017,7.6254,0.077382385,2.086400354,24.95029084,8.57164371
2534,New Zealand,NZL,2018,7.5455,0.100928246,2.067359865,26.29266716,8.508799463
2535,New Zealand,NZL,2019,7.839,0.128614805,2.254671077,25.57720264,8.59002016
2536,New Zealand,NZL,2020,6.9418,0.160141922,2.302228225,24.22993296,8.615823789
2555,North America,,1983,13.4567,0.003,0.002694949,625.3626313,33.24259916
2556,North America,,1984,13.9393,0.00530101,0.006555556,637.3132374,39.35632614
2557,North America,,1985,13.7657,0.010737374,0.006820202,619.2546533,39.71089442
2558,North America,,1986,13.5489,0.014173737,0.005231313,628.9074687,43.9606722
2559,North America,,1987,13.8795,0.01060303,0.004576768,590.9013894,49.39543318
2560,North America,,1988,14.3048,0.009185859,0.001879798,557.6557606,49.51206126
2561,North America,,1989,14.3891,0.253132323,2.134376768,590.5281167,57.00626789
2562,North America,,1990,14.1258,0.371794949,2.819686869,612.4451818,66.53731526
2563,North America,,1991,13.8271,0.480252873,2.983677778,617.2272699,70.36827563
2564,North America,,1992,13.941,0.413897109,2.976689899,593.4140268,75.64593509
2565,North America,,1993,14.0093,0.481214524,3.096188889,628.119774,78.24148435
2566,North America,,1994,14.1114,0.508925425,3.545928283,607.4682215,78.30638277
2567,North America,,1995,14.0679,0.523313678,3.262215152,672.8782162,76.81738876
2568,North America,,1996,14.3758,0.553235954,3.334736364,733.4778323,78.53902995
2569,North America,,1997,14.4396,0.545643096,3.395247475,731.0148396,79.87154943
2570,North America,,1998,14.398,0.541764609,3.133258586,677.5521434,80.74296554
2571,North America,,1999,14.4134,0.538605228,4.712331313,694.3182846,81.48087001
2572,North America,,2000,14.7464,0.541933707,5.932758586,662.5963083,81.85850952
2573,North America,,2001,14.385,0.601930003,7.152384848,570.1963593,82.75008204
2574,North America,,2002,14.3359,0.63233444,10.88486869,632.3038082,87.90652127
2575,North America,,2003,14.4162,0.641443792,12.00947071,625.9625373,87.69914659
2576,North America,,2004,14.46,0.721395596,15.25160707,626.1293987,89.01173328
2577,North America,,2005,14.397,0.776374318,19.56145354,656.0929395,89.88983493
2578,North America,,2006,14.111,0.85711634,29.35071414,668.8777747,89.50728264
2579,North America,,2007,14.165,1.133357867,38.02311206,638.0051964,91.11012021
2580,North America,,2008,13.5918,1.687062564,59.96583737,667.7655011,89.4265981
2581,North America,,2009,12.526,2.211960394,81.87046086,666.9424904,89.64898716
2582,North America,,2010,12.773,3.299036421,105.5716323,645.8174774,92.80545386
2583,North America,,2011,12.45,5.351904128,133.2273992,728.0894848,93.35586762
2584,North America,,2012,11.978,9.987013756,157.2439426,686.2078517,94.71085627
2585,North America,,2013,12.1057,17.64469548,184.8650833,686.3600421,99.02340288
2586,North America,,2014,12.0627,31.55716162,202.7334502,677.1447275,101.002109
2587,North America,,2015,11.7037,42.52346013,228.3564836,659.5379254,101.3555982
2588,North America,,2016,11.3531,59.59631341,270.5966281,679.8934409,101.6913809
2589,North America,,2017,11.1551,82.81670248,299.0048059,723.2414871,97.48619837
2590,North America,,2018,11.3661,101.2850505,321.6547475,707.8941131,102.0688473
2591,North America,,2019,11.0559,119.557099,348.2575323,688.7446455,95.30850936
2592,North America,,2020,9.8051,150.268562,396.7282981,700.1852032,95.11644715
2618,North Macedonia,MKD,2015,3.3779,0.0226,0.120767,1.865193,0.020219
2619,North Macedonia,MKD,2016,3.358,0.0237,0.109483,1.897345,0.036033
2620,North Macedonia,MKD,2017,3.6042,0.023751,0.11048,1.110279,0.051551
2621,North Macedonia,MKD,2018,3.3721,0.022788,0.097338,1.791368,0.05405
2622,North Macedonia,MKD,2019,3.8276,0.023227,0.101806,1.163674,0.055103
2623,North Macedonia,MKD,2020,3.4302,0.023537,0.116885,1.277143,0.057298
2659,Norway,NOR,2000,9.3726,0.0053,0.030199,141.818,0.256
2660,Norway,NOR,2001,9.6254,0.0053,0.028758,120.463,0.255
2661,Norway,NOR,2002,9.3759,0.0053,0.038903,129.372,0.25
2662,Norway,NOR,2003,9.6304,0.0062,0.219796,105.48,0.33
2663,Norway,NOR,2004,9.6466,0.0062,0.259519,108.781,0.359
2664,Norway,NOR,2005,9.365,0.0062,0.50703,135.688,0.333
2665,Norway,NOR,2006,9.4098,0.0071,0.636,119.369,0.388
2666,Norway,NOR,2007,9.6864,0.0071,0.892,133.656,0.386
2667,Norway,NOR,2008,9.3978,0.0074,0.913,139.044,0.397
2668,Norway,NOR,2009,8.964,0.0077,0.977,125.283,0.227
2669,Norway,NOR,2010,9.3529,0.0081,0.879,116.75,0.344
2670,Norway,NOR,2011,9.057,0.0085,1.283,120.291,0.339
2671,Norway,NOR,2012,8.8441,0.0089,1.548,141.738,0.326
2672,Norway,NOR,2013,8.7881,0.0098,1.881,128.154,0.396
2673,Norway,NOR,2014,8.7662,0.0116,2.217,135.439,0.258
2674,Norway,NOR,2015,8.7726,0.0134,2.515,137.302,0.256
2675,Norway,NOR,2016,8.5318,0.0238,2.115742,142.418,0.233
2676,Norway,NOR,2017,8.3779,0.039961,2.854,141.955,0.21
2677,Norway,NOR,2018,8.3307,0.060876,3.877,138.991268,0.204168
2678,Norway,NOR,2019,7.9692,0.106799999,5.525,125.146,0.253005
2679,Norway,NOR,2020,7.615,0.135012997,9.890451282,140.9722937,0.259741601
2786,Pakistan,PAK,2015,0.8487,0.367668,0.598593984,32.77947065,0.079676066
2787,Pakistan,PAK,2016,1.0166,0.853702,0.91811907,34.57764217,0.532255717
2788,Pakistan,PAK,2017,1.1254,1.314321,1.762901793,30.20406701,1.075314734
2789,Pakistan,PAK,2018,1.1229,1.545411,2.83179,29.4798025,1.030378333
2790,Pakistan,PAK,2019,1.0818,1.623248309,3.148244731,36.30380342,0.618053231
2791,Pakistan,PAK,2020,1.0628,1.677748536,2.732134282,40.28748438,0.634279336
2839,Peru,PER,2012,1.8315,0.0597,0.0012,22.0319,0.668
2840,Peru,PER,2013,1.4463,0.1969,0.0012,22.3196,0.96
2841,Peru,PER,2014,1.6428,0.1993,0.2575,22.2107,1.291
2842,Peru,PER,2015,1.6103,0.230255343,0.594374131,23.68706283,0.907
2843,Peru,PER,2016,1.7047,0.241818781,1.054114626,23.826156,0.556
2844,Peru,PER,2017,1.7085,0.287200343,1.073432268,29.0745135,0.471434
2845,Peru,PER,2018,1.7084,0.74540054,1.502438168,30.737,0.418896
2846,Peru,PER,2019,1.6911,0.763,1.655,31.462,0.52998
2847,Peru,PER,2020,1.3559,0.778,1.804,30.507,0.694229595
2888,Philippines,PHL,2005,0.8488,0.001517,0.017469,8.386773,9.902443
2889,Philippines,PHL,2006,0.7569,0.001376,0.053235,9.939413,10.465279
2890,Philippines,PHL,2007,0.7915,0.001309,0.057842,8.563433,10.214688
2891,Philippines,PHL,2008,0.8504,0.001304,0.061386,9.842534,10.72278
2892,Philippines,PHL,2009,0.8277,0.001252,0.064428,9.787567,10.337557
2893,Philippines,PHL,2010,0.8828,0.001254,0.061717,7.803405,9.956422
2894,Philippines,PHL,2011,0.8762,0.001212,0.088204,9.697532,10.057604
2895,Philippines,PHL,2012,0.9094,0.00132,0.075339,10.252134,10.432809
2896,Philippines,PHL,2013,0.9689,0.001414,0.065655,10.019308,9.816571
2897,Philippines,PHL,2014,1.0067,0.016517,0.152052,9.137273,10.503812
2898,Philippines,PHL,2015,1.0982,0.138534,0.748414,8.665078,11.41115
2899,Philippines,PHL,2016,1.1792,1.097016,0.975219,8.110915,11.796309
2900,Philippines,PHL,2017,1.2827,1.201152,1.093558,9.610799,11.283225
2901,Philippines,PHL,2018,1.3189,1.249116398,1.152923041,9.383758226,11.54012741
2902,Philippines,PHL,2019,1.3561,1.246082,1.04166,8.025492,11.731147
2903,Philippines,PHL,2020,1.2413,1.372604,1.02645,7.192019,12.017831
2950,Poland,POL,2011,8.7316,0.0002,3.205,2.332,7.6008
2951,Poland,POL,2012,8.5464,0.0011,4.747,2.037,10.0943
2952,Poland,POL,2013,8.4547,0.0015,6.004,2.439,8.6221
2953,Poland,POL,2014,8.1457,0.007,7.678,2.183,9.977
2954,Poland,POL,2015,8.2405,0.057,10.858,1.832,9.739
2955,Poland,POL,2016,8.5377,0.124,12.588,2.139,7.957
2956,Poland,POL,2017,8.8974,0.165,14.909,2.56,6.488
2957,Poland,POL,2018,8.8866,0.3,12.799,1.97,6.548
2958,Poland,POL,2019,8.4334,0.710673,15.106759,1.954,7.682984
2959,Poland,POL,2020,7.916,1.99,15.726,2.115,7.898
2984,Portugal,PRT,1989,4.1273,0.001010101,0.001,5.819,0.661
2991,Portugal,PRT,1996,5.1152,0.001,0.021,14.761,1.008
2992,Portugal,PRT,1997,5.3772,0.001,0.038,13.105,1.087
2993,Portugal,PRT,1998,5.8026,0.0008,0.089,12.983,1.0796
2994,Portugal,PRT,1999,6.5246,0.0011,0.123,7.286,1.2381
2995,Portugal,PRT,2000,6.3802,0.0014,0.168,11.323,1.376
2996,Portugal,PRT,2001,6.3109,0.0016,0.256,14.034,1.45
2997,Portugal,PRT,2002,6.7157,0.0018,0.362,7.8,1.569
2998,Portugal,PRT,2003,6.1991,0.0026,0.496,15.723,1.484
2999,Portugal,PRT,2004,6.4459,0.0029,0.816,9.869,1.631
3000,Portugal,PRT,2005,6.634,0.0038,1.773,4.731,1.722
3001,Portugal,PRT,2006,6.1584,0.005,2.925,10.919,1.789
3002,Portugal,PRT,2007,5.9062,0.024,4.037,10.027,2.083
3003,Portugal,PRT,2008,5.6745,0.041,5.757,6.799,2.044
3004,Portugal,PRT,2009,5.3964,0.16,7.577,8.285,2.271
3005,Portugal,PRT,2010,5.0034,0.215,9.182,16.148,2.811
3006,Portugal,PRT,2011,4.9023,0.282,9.162,11.536,3.133
3007,Portugal,PRT,2012,4.748,0.393,10.26,5.622,3.097
3008,Portugal,PRT,2013,4.6005,0.479139885,12.01460111,13.73,3.247583434
3009,Portugal,PRT,2014,4.6037,0.627316615,12.11138423,15.569,3.25438015
3010,Portugal,PRT,2015,5.0432,0.796154916,11.60763787,8.660506278,3.307567386
3011,Portugal,PRT,2016,4.8867,0.822,12.474,15.723,3.242
3012,Portugal,PRT,2017,5.3682,0.992,12.248,5.897,3.437
3013,Portugal,PRT,2018,5.0206,1.005,12.617,12.393,3.386
3014,Portugal,PRT,2019,4.6576,1.343,13.667,8.818,3.577
3015,Portugal,PRT,2020,3.9609,1.695,12.364,12.439,4.034
3116,Romania,ROU,2009,3.9517,0.001010101,0.009,15.534,0.01
3117,Romania,ROU,2010,3.8073,0.002020202,0.306,19.883,0.111
3118,Romania,ROU,2011,4.2311,0.001,1.387,14.728,0.198
3119,Romania,ROU,2012,4.1469,0.008,2.64,12.066,0.212
3120,Romania,ROU,2013,3.7128,0.42,4.52,14.7935,0.252
3121,Romania,ROU,2014,3.7729,1.2953,4.7236,18.5235,0.505
3122,Romania,ROU,2015,3.8324,1.982,7.063,16.633,0.524
3123,Romania,ROU,2016,3.7458,1.82,6.59,18.028,0.531
3124,Romania,ROU,2017,3.9281,1.856,7.407,14.494,0.525168
3125,Romania,ROU,2018,3.9787,1.771,6.322,17.6639,0.43713
3126,Romania,ROU,2019,3.8651,1.778,6.773,15.580921,0.504144
3127,Romania,ROU,2020,3.7154,1.703,6.955,15.08738564,0.575069202
3174,Russia,RUS,2011,11.5878,0.0012,0.005392,163.0552,0.557208
3175,Russia,RUS,2012,11.6679,0.004211507,0.005251,163.4543,0.502849
3176,Russia,RUS,2013,11.2206,0.0108,0.004473,181.1511,0.481527
3177,Russia,RUS,2014,11.2162,0.16,0.096106,173.3945,0.5544
3178,Russia,RUS,2015,11.1949,0.3356,0.148037,167.993469,0.4812
3179,Russia,RUS,2016,11.1416,0.4683,0.1481205,184.611772,0.4459
3180,Russia,RUS,2017,11.3135,0.544,0.139,185.163,0.519179
3181,Russia,RUS,2018,11.6078,0.62446,0.23716,190.63756,0.504307
3182,Russia,RUS,2019,11.5132,0.98505,0.31481,194.37614,0.521152
3183,Russia,RUS,2020,10.8072,1.86214,1.13802,212.43827,0.513382
3341,Slovakia,SVK,2010,7.1076,0.017,0.006,5.099,0.662
3342,Slovakia,SVK,2011,7.0253,0.397,0.005,3.638,0.819
3343,Slovakia,SVK,2012,6.6338,0.424,0.006,4.008,0.941
3344,Slovakia,SVK,2013,6.5491,0.588,0.006,4.744,0.911
3345,Slovakia,SVK,2014,6.1876,0.597,0.006,4.319,1.417
3346,Slovakia,SVK,2015,6.3306,0.506,0.006,4.067,1.662
3347,Slovakia,SVK,2016,6.405,0.533,0.006016438,4.261,1.731
3348,Slovakia,SVK,2017,6.6137,0.506,0.006,4.324,1.696
3349,Slovakia,SVK,2018,6.6073,0.585,0.006,3.59,1.625
3350,Slovakia,SVK,2019,6.189,0.589,0.006,4.356,1.693
3351,Slovakia,SVK,2020,5.6286,0.655999998,0.006,4.498656665,1.638606428
3375,Slovenia,SVN,2013,7.3221,0.215,0.004,4.629,0.261
3376,Slovenia,SVN,2014,6.5492,0.257,0.004,6.092,0.259
3377,Slovenia,SVN,2015,6.5772,0.274,0.006,3.808,0.267
3378,Slovenia,SVN,2016,6.9546,0.267,0.006016438,4.503,0.283
3379,Slovenia,SVN,2017,7.0275,0.283867,0.005716,3.868345,0.293889
3380,Slovenia,SVN,2018,6.9753,0.254961,0.006021,4.70432,0.272717
3381,Slovenia,SVN,2019,6.738,0.303039,0.00615,4.479396,0.256212
3382,Slovenia,SVN,2020,6.043,0.287871,0.006207,4.920062,0.240971803
3421,South Africa,ZAF,2003,8.6511,0.0139,0.006,0.827412096,0.4084
3422,South Africa,ZAF,2004,9.4959,0.0155,0.012,0.949939032,0.3819
3423,South Africa,ZAF,2005,8.6867,0.017,0.012,1.331940189,0.4253
3424,South Africa,ZAF,2006,9.2107,0.0186,0.012,2.89761981,0.4055
3425,South Africa,ZAF,2007,9.4626,0.0201,0.012,2.86561981,0.4305
3426,South Africa,ZAF,2008,9.9367,0.0217,0.021,1.259619852,0.4561
3427,South Africa,ZAF,2009,9.9503,0.0233,0.03,1.451619907,0.4491
3428,South Africa,ZAF,2010,9.1167,0.0276,0.034,1.142899811,0.3963
3429,South Africa,ZAF,2011,9.1137,0.0803,0.037,3.063824203,0.412
3430,South Africa,ZAF,2012,8.7283,0.086,0.037,1.018509832,0.4226
3431,South Africa,ZAF,2013,8.4912,0.243,0.037,1.103915809,0.4777
3432,South Africa,ZAF,2014,8.8117,1.123,1.066,1.795059972,0.4321
3433,South Africa,ZAF,2015,8.1351,2.749,3.071,0.590616162,0.4179
3434,South Africa,ZAF,2016,8.2688,3.274,4.209,1.026515152,0.4373
3435,South Africa,ZAF,2017,8.1424,4.239,5.866960227,1.961727273,0.483268098
3436,South Africa,ZAF,2018,8.0321,4.573,6.416343434,1.169757576,0.42924867
3437,South Africa,ZAF,2019,8.1273,4.903,6.680313131,0.973960364,0.42924867
3438,South Africa,ZAF,2020,7.6204,5.177519197,6.990339389,0.499212889,0.42924867
3471,South Korea,KOR,1997,9.6369,0.003,0.001,2.813992,0.078
3472,South Korea,KOR,1998,8.1175,0.004,0.002,4.279418,0.058
3473,South Korea,KOR,1999,8.7414,0.004572,0.005839,4.15926,0.087
3474,South Korea,KOR,2000,9.298,0.005284,0.016685,4.009553,0.079
3475,South Korea,KOR,2001,9.5636,0.006184,0.01259,2.329938791,0.088
3476,South Korea,KOR,2002,9.9332,0.007044,0.014881,3.2327778,0.179
3477,South Korea,KOR,2003,10.0693,0.007752,0.024865,4.885576514,0.188
3478,South Korea,KOR,2004,10.1508,0.009872,0.047442,4.3110792,0.292869218
3479,South Korea,KOR,2005,10.2578,0.014399,0.129888,3.673299595,0.259813729
3480,South Korea,KOR,2006,10.3212,0.031022,0.238911,3.467537745,0.241290189
3481,South Korea,KOR,2007,10.664,0.071279,0.375641,3.631649214,0.383904244
3482,South Korea,KOR,2008,10.858,0.284315,0.436034,3.070111801,0.653075825
3483,South Korea,KOR,2009,10.9272,0.566191,0.685353,2.813171173,0.539064507
3484,South Korea,KOR,2010,12.021,0.772801,0.81695,3.681969249,2.888306639
3485,South Korea,KOR,2011,12.5447,0.917198,0.862884,4.597667427,5.812305053
3486,South Korea,KOR,2012,12.5635,1.103227,0.91276,3.969038233,6.601881866
3487,South Korea,KOR,2013,12.6285,1.605182,1.148179,4.289267433,7.406297
3488,South Korea,KOR,2014,12.4604,2.5563,1.145557,2.75141884,10.99383336
3489,South Korea,KOR,2015,12.4985,3.979158353,1.342439,2.145719306,11.99635125
3490,South Korea,KOR,2016,12.5386,5.122441417,1.683142151,2.846275214,12.1300763
3491,South Korea,KOR,2017,12.8335,7.056219269,2.169014326,2.808820481,14.92012799
3492,South Korea,KOR,2018,13.125,9.208098859,2.464878951,3.359417838,15.50369625
3493,South Korea,KOR,2019,12.6505,12.99601799,2.679157884,2.788678802,14.85108077
3494,South Korea,KOR,2020,11.6562,16.568756,3.139589,3.877981,17.34024956
3519,Spain,ESP,1989,5.7488,0.006060606,0.013,19.349,0.578
3520,Spain,ESP,1990,5.8974,0.006,0.014,25.414,0.542
3521,Spain,ESP,1991,6.1307,0.007,0.015,27.282,0.542
3522,Spain,ESP,1992,6.3392,0.008,0.103,18.92,0.575
3523,Spain,ESP,1993,6.1013,0.009,0.116,24.377,0.579
3524,Spain,ESP,1994,6.3966,0.01,0.175,28.18,0.639
3525,Spain,ESP,1995,6.7222,0.015,0.27,23.112,1.011
3526,Spain,ESP,1996,6.3866,0.012,0.364,39.802,1.083
3527,Spain,ESP,1997,6.6796,0.013,0.742,34.778,1.463
3528,Spain,ESP,1998,6.867,0.015,1.352,34.005,1.531
3529,Spain,ESP,1999,7.4044,0.017,2.744,22.863,1.724
3530,Spain,ESP,2000,7.6273,0.018,4.727,29.57,1.493
3531,Spain,ESP,2001,7.5835,0.024,6.759,41.027,1.631
3532,Spain,ESP,2002,7.9544,0.03,9.342,22.92,2.586
3533,Spain,ESP,2003,7.9279,0.041,12.075,41.054,3.184
3534,Spain,ESP,2004,8.1881,0.056,15.7,31.676,3.33
3535,Spain,ESP,2005,8.3982,0.041,21.176,17.872,2.653
3536,Spain,ESP,2006,8.0643,0.119,23.297,25.89,2.774
3537,Spain,ESP,2007,8.1126,0.508,27.568,27.233,2.898
3538,Spain,ESP,2008,7.3101,2.578,32.946,23.532,3.255
3539,Spain,ESP,2009,6.3839,6.066934673,37.88690305,26.35247791,3.40880922
3540,Spain,ESP,2010,6.0487,7.064428643,43.68135736,42.03569621,3.8176439
3541,Spain,ESP,2011,6.0472,8.679536284,42.433,30.596,4.515
3542,Spain,ESP,2012,5.9274,11.96590945,49.472,20.545,4.97700946
3543,Spain,ESP,2013,5.3851,13.11088913,55.76712989,36.77989838,5.290420845
3544,Spain,ESP,2014,5.4527,13.67302681,52.013,39.169,5.414056768
3545,Spain,ESP,2015,5.8214,13.85842969,49.325,28.14,5.764167334
3546,Spain,ESP,2016,5.5916,13.64170068,48.914,36.38557083,5.664680366
3547,Spain,ESP,2017,5.8876,14.32067117,49.127,18.322,6.078
3548,Spain,ESP,2018,5.7763,12.744,50.896,34.334,6.175546925
3549,Spain,ESP,2019,5.3812,15.10828678,53.08907023,22.4860773,5.63706481
3550,Spain,ESP,2020,4.4683,20.805361,53.22096655,27.49564095,6.494382277
3590,Sri Lanka,LKA,2004,0.6266,0.003539072,0.002705747,2.969222677,0.00012
3591,Sri Lanka,LKA,2005,0.6107,0.004615336,0.002405747,3.459531715,0.00228
3592,Sri Lanka,LKA,2006,0.5987,0.00538678,0.002305747,4.643376882,0.00178
3593,Sri Lanka,LKA,2007,0.6124,0.00597646,0.002305747,3.956473213,0.0011
3594,Sri Lanka,LKA,2008,0.5998,0.006375132,0.003241747,4.139192911,0.00572
3595,Sri Lanka,LKA,2009,0.6433,0.006787804,0.003501447,3.891111071,0.02301
3596,Sri Lanka,LKA,2010,0.6441,0.007195476,0.053161447,5.644559257,0.03251
3597,Sri Lanka,LKA,2011,0.7298,0.008714148,0.091620447,4.583891665,0.031626
3598,Sri Lanka,LKA,2012,0.7694,0.01000782,0.146807747,3.302163522,0.022173
3599,Sri Lanka,LKA,2013,0.7104,0.01438312,0.234581747,6.929242522,0.026389
3600,Sri Lanka,LKA,2014,0.851,0.02808402,0.272453747,4.562648522,0.041393
3601,Sri Lanka,LKA,2015,0.9485,0.04872,0.34321,5.97989,0.05731
3602,Sri Lanka,LKA,2016,1.0954,0.08297,0.34487,4.23154,0.07196
3603,Sri Lanka,LKA,2017,1.09,0.22461,0.36681,4.03136,0.067
3604,Sri Lanka,LKA,2018,0.9891,0.32131,0.32631,6.41146,0.0871
3605,Sri Lanka,LKA,2019,1.0704,0.373369488,0.32631,4.843314371,0.092725954
3606,Sri Lanka,LKA,2020,0.9857,0.400155745,0.640045197,4.976242168,0.092725954
3635,Sweden,SWE,1993,6.578,0.001,0.052,74.647,2.171
3636,Sweden,SWE,1994,6.8195,0.001,0.075,59.097,2.229
3637,Sweden,SWE,1995,6.7238,0.001,0.105,68.096,2.354
3638,Sweden,SWE,1996,7.1508,0.001,0.144,51.74,2.118
3639,Sweden,SWE,1997,6.5681,0.001,0.203,69.056,2.773
3640,Sweden,SWE,1998,6.6196,0.001,0.308,74.743,2.78
3641,Sweden,SWE,1999,6.2951,0.001,0.358,71.691,2.697
3642,Sweden,SWE,2000,6.1599,0.001,0.457,78.584,4.098
3643,Sweden,SWE,2001,6.253,0.002,0.482,79.061,3.777
3644,Sweden,SWE,2002,6.3456,0.002,0.608,66.358,4.175
3645,Sweden,SWE,2003,6.3887,0.002,0.679,53.54,4.51
3646,Sweden,SWE,2004,6.2844,0.002,0.85,60.588,7.201
3647,Sweden,SWE,2005,5.9616,0.002,0.949,72.692,7.491
3648,Sweden,SWE,2006,5.9039,0.002,0.987,61.638,8.359
3649,Sweden,SWE,2007,5.7809,0.003,1.43,66.163,9.836
3650,Sweden,SWE,2008,5.5094,0.004,1.996,68.997,10.337
3651,Sweden,SWE,2009,5.0737,0.007,2.485,65.414,11.46
3652,Sweden,SWE,2010,5.6577,0.009,3.502,66.398,12.192
3653,Sweden,SWE,2011,5.2032,0.013,6.078,67.064,11.536
3654,Sweden,SWE,2012,4.9015,0.019,7.165,78.939,12.194
3655,Sweden,SWE,2013,4.7001,0.035,9.842,61.361,11.45
3656,Sweden,SWE,2014,4.4712,0.047,11.234,63.763,10.696
3657,Sweden,SWE,2015,4.4652,0.097,16.268,75.312,10.765
3658,Sweden,SWE,2016,4.3983,0.143,15.479,62.018,11.488078
3659,Sweden,SWE,2017,4.3003,0.23,17.609,64.964,12.076
3660,Sweden,SWE,2018,4.2215,0.391,16.623,62.05,11.913
3661,Sweden,SWE,2019,4.0788,0.663,19.847,65.207,13.036
3662,Sweden,SWE,2020,3.8255,1.056428571,28.07137706,73.34343572,10.99134018
3694,Switzerland,CHE,1996,6.2658,0.007,0.001,28.7479798,0.614
3695,Switzerland,CHE,1997,6.0886,0.007,0.002,34.04645455,0.658
3696,Switzerland,CHE,1998,6.2911,0.008,0.003,33.47541414,0.689
3697,Switzerland,CHE,1999,6.2468,0.01,0.003,40.00826263,0.749
3698,Switzerland,CHE,2000,6.1057,0.011,0.003,36.83733333,0.833
3699,Switzerland,CHE,2001,6.2796,0.013,0.004,41.32287879,0.876
3700,Switzerland,CHE,2002,6.0201,0.015,0.005,35.17181818,0.909
3701,Switzerland,CHE,2003,6.1433,0.018,0.005,34.76713131,0.93
3702,Switzerland,CHE,2004,6.1767,0.018,0.006,33.75171717,0.97
3703,Switzerland,CHE,2005,6.1986,0.021,0.008,31.22989899,1.016
3704,Switzerland,CHE,2006,6.0839,0.024,0.015,30.96185859,1.135
3705,Switzerland,CHE,2007,5.754,0.029,0.016,35.25340404,1.179
3706,Switzerland,CHE,2008,5.8658,0.037,0.019,36.03938384,1.229
3707,Switzerland,CHE,2009,5.6436,0.054,0.023,35.72711111,1.229
3708,Switzerland,CHE,2010,5.7691,0.094,0.037,36.06428283,1.272
3709,Switzerland,CHE,2011,5.1834,0.168,0.07,32.39336364,1.385
3710,Switzerland,CHE,2012,5.2765,0.299,0.088,38.60409091,1.527
3711,Switzerland,CHE,2013,5.3257,0.5,0.09,38.46471717,1.607
3712,Switzerland,CHE,2014,4.7808,0.842,0.101,38.04005051,1.671
3713,Switzerland,CHE,2015,4.6682,1.119,0.11,38.26184848,1.601
3714,Switzerland,CHE,2016,4.677,1.333,0.109,34.62792929,1.725
3715,Switzerland,CHE,2017,4.5155,1.683,0.133,34.09536364,1.838
3716,Switzerland,CHE,2018,4.3243,1.945,0.122,34.60919092,1.811
3717,Switzerland,CHE,2019,4.2766,2.178,0.146,37.63396899,1.862
3718,Switzerland,CHE,2020,3.7319,2.623314388,0.169359999,37.69396899,1.941606801
3754,Taiwan,TWN,2000,10.3329,0.00012,0.00138286,4.559980352,1.05812879
3755,Taiwan,TWN,2001,10.3998,0.000264,0.012228773,5.090297834,1.364907839
3756,Taiwan,TWN,2002,10.675,0.000348,0.015879599,2.778901093,1.725715188
3757,Taiwan,TWN,2003,11.0795,0.000461,0.02376162,3.03451643,1.789127978
3758,Taiwan,TWN,2004,11.4258,0.000584,0.025252811,3.209869181,1.8475166
3759,Taiwan,TWN,2005,11.7354,0.00096,0.091300426,4.071373596,1.848429219
3760,Taiwan,TWN,2006,12.0996,0.001457,0.276074732,4.088350767,1.84917816
3761,Taiwan,TWN,2007,12.2038,0.00218,0.439534507,4.417549905,1.882276009
3762,Taiwan,TWN,2008,11.5815,0.004473143,0.588265167,4.305105175,1.815817719
3763,Taiwan,TWN,2009,10.9288,0.009112535,0.786635449,3.74828819,1.746686423
3764,Taiwan,TWN,2010,11.6506,0.021727004,1.026337795,4.194101306,1.832937199
3765,Taiwan,TWN,2011,11.8736,0.061622537,1.492676671,3.999726499,1.834204401
3766,Taiwan,TWN,2012,11.6828,0.159869831,1.413468482,5.669557962,1.834369061
3767,Taiwan,TWN,2013,11.6899,0.321096236,1.640007611,5.422889721,1.841204156
3768,Taiwan,TWN,2014,11.7619,0.528762129,1.500484383,4.317861918,1.911959253
3769,Taiwan,TWN,2015,11.7091,0.850267948,1.525235707,4.470146125,1.938298994
3770,Taiwan,TWN,2016,11.8428,1.10900465,1.457101846,6.562040858,1.903696737
3771,Taiwan,TWN,2017,12.0303,1.667452949,1.722458624,5.446814787,1.85819815
3772,Taiwan,TWN,2018,11.921,2.712035669,1.706844213,4.481584152,1.964694731
3773,Taiwan,TWN,2019,11.5813,4.014341974,1.892231712,5.544795913,1.980636367
3774,Taiwan,TWN,2020,11.4698,6.085793133,2.289288107,3.02200535,1.941811131
3816,Thailand,THA,2006,3.439,0.03648,0.000131,7.95005,1.989577895
3817,Thailand,THA,2007,3.4663,0.03876,0.000394,7.961357,2.419469854
3818,Thailand,THA,2008,3.41,0.03888,0.000482,6.95069,2.139686233
3819,Thailand,THA,2009,3.6232,0.0444,0.001,6.965736,2.252298026
3820,Thailand,THA,2010,3.8009,0.05832,0.003924,5.346753,3.36561349
3821,Thailand,THA,2011,3.7562,0.09444,0.005,7.934922,3.979047259
3822,Thailand,THA,2012,3.9841,0.498475,0.017179,8.431217,4.696401945
3823,Thailand,THA,2013,4.2204,1.257475,0.351304,5.412084,5.626381489
3824,Thailand,THA,2014,4.1299,1.933475,0.396,5.163573,6.717463143
3825,Thailand,THA,2015,4.1576,2.378,0.328,3.760733,7.336832322
3826,Thailand,THA,2016,4.1095,3.377,0.345,3.543078,8.816594342
3827,Thailand,THA,2017,4.1318,4.543,1.109,4.687186,9.293569923
3828,Thailand,THA,2018,3.9779,4.537,1.641,7.597013,11.74623394
3829,Thailand,THA,2019,3.9012,4.567853753,2.242153395,6.309958,14.59366382
3830,Thailand,THA,2020,3.6929,4.567853753,2.242153395,4.539848,13.69211535
3932,Turkey,TUR,2010,4.3466,0.0024,2.91643,51.79546,1.001144
3933,Turkey,TUR,2011,4.6224,0.002861538,4.7239,52.33856,1.037141
3934,Turkey,TUR,2012,4.7376,0.004257787,5.86075,57.86501,1.491272
3935,Turkey,TUR,2013,4.5468,0.006784615,7.55745,59.42051,2.242158
3936,Turkey,TUR,2014,4.6831,0.0174,8.52005,40.6447,3.446564
3937,Turkey,TUR,2015,4.8559,0.19412,11.65247,67.14584,4.665543
3938,Turkey,TUR,2016,5.0263,1.0431,15.5171,67.2309,6.45323
3939,Turkey,TUR,2017,5.2434,2.8893,17.9038,58.2185,8.2515
3940,Turkey,TUR,2018,5.094,7.7998,19.9492,59.9385,10.080515
3941,Turkey,TUR,2019,4.7866,9.2498,21.7307,88.8228,12.35007454
3942,Turkey,TUR,2020,4.6573,10.83464461,24.7616267,78.06342639,14.22394121
4005,Ukraine,UKR,2011,6.7504,0.0301,0.0895,10.94383,0.134
4006,Ukraine,UKR,2012,6.6876,0.3333,0.2882,10.47863,0.134
4007,Ukraine,UKR,2013,6.5637,0.57,0.6386,13.80481,0.101
4008,Ukraine,UKR,2014,5.7083,0.429,1.1302,8.47827,0.13
4009,Ukraine,UKR,2015,4.9825,0.4765,1.0844,5.39632,0.145
4010,Ukraine,UKR,2016,5.2334,0.4908,0.9538,7.6758,0.136
4011,Ukraine,UKR,2017,5.0145,0.7217,0.9834,8.94761028,0.2099
4012,Ukraine,UKR,2018,5.2441,1.1075,1.1884,10.4277,0.3005
4013,Ukraine,UKR,2019,5.0594,2.9328,2.0202,6.5083,0.329181257
4014,Ukraine,UKR,2020,4.8912,6.185735955,3.171965426,6.272487234,0.357857755
4105,United Kingdom,GBR,1999,9.5563,0.001,0.85,5.335597274,3.4291
4106,United Kingdom,GBR,2000,9.6326,0.001,0.946,5.085745352,3.8818
4107,United Kingdom,GBR,2001,9.7475,0.002,0.965,4.054648157,4.526
4108,United Kingdom,GBR,2002,9.4404,0.003,1.259,4.787484493,5.0801
4109,United Kingdom,GBR,2003,9.5947,0.003,1.288,3.227700453,6.1737
4110,United Kingdom,GBR,2004,9.5687,0.004,1.939,4.844460361,7.3639
4111,United Kingdom,GBR,2005,9.454,0.008,2.912,4.92290012,9.1023
4112,United Kingdom,GBR,2006,9.3318,0.011,4.236,4.593406838,9.2769
4113,United Kingdom,GBR,2007,9.0999,0.014,5.2738175,5.0773044,9.324501165
4114,United Kingdom,GBR,2008,8.7617,0.017,7.09724817,5.141186265,9.649277516
4115,United Kingdom,GBR,2009,7.861,0.020000206,9.280971518,5.227892531,10.71494767
4116,United Kingdom,GBR,2010,8.0623,0.0402771,10.28564455,3.591375791,12.26296841
4117,United Kingdom,GBR,2011,7.3327,0.24366343,15.96296861,5.691750167,13.3137937
4118,United Kingdom,GBR,2012,7.5554,1.353763587,19.84711997,5.309068331,14.73799683
4119,United Kingdom,GBR,2013,7.3462,2.010262082,28.39715173,4.701508908,18.10489047
4120,United Kingdom,GBR,2014,6.7032,4.054062445,31.95924458,5.887848894,22.62124617
4121,United Kingdom,GBR,2015,6.4127,7.532864117,40.27471976,6.297268534,29.25897646
4122,United Kingdom,GBR,2016,6.0234,10.40792816,37.15942281,5.37058466,30.06553449
4123,United Kingdom,GBR,2017,5.8082,11.47545404,49.64112128,5.881870125,31.89837269
4124,United Kingdom,GBR,2018,5.6878,12.7355104,56.90635052,5.443851802,34.96327353
4125,United Kingdom,GBR,2019,5.4644,12.91807017,64.33484374,5.9348,37.32772687
4126,United Kingdom,GBR,2020,4.8549,12.80096476,75.60982426,6.4788,39.40816978
4145,United States,USA,1983,18.7653,0.003,0.002694949,338.6776313,29.80459916
4146,United States,USA,1984,19.5668,0.00530101,0.006555556,327.5872374,35.59532614
4147,United States,USA,1985,19.3446,0.010737374,0.005820202,287.1823616,36.39289442
4148,United States,USA,1986,19.2087,0.014173737,0.004231313,296.9749687,38.7016722
4149,United States,USA,1987,19.6915,0.01060303,0.003576768,255.4101949,42.66543318
4150,United States,USA,1988,20.4157,0.009185859,0.000879798,228.3846495,42.39406126
4151,United States,USA,1989,20.5502,0.253132323,2.133376768,274.7241778,48.85426789
4152,United States,USA,1990,20.2818,0.370794949,2.816767677,292.2809141,57.45931526
4153,United States,USA,1991,19.8709,0.478252873,2.980758586,287.3260141,60.55176316
4154,United States,USA,1992,20.1077,0.408844477,2.916689899,251.4256778,64.81541211
4155,United States,USA,1993,20.2955,0.475161892,3.036188889,279.2509455,66.92472368
4156,United States,USA,1994,20.4347,0.501872793,3.481928283,259.3413212,66.35485737
4157,United States,USA,1995,20.4459,0.514471573,3.196215152,311.2198152,63.26507947
4158,United States,USA,1996,20.9089,0.541341217,3.266736364,347.5494798,64.82596
4159,United States,USA,1997,20.9282,0.532695728,3.321247475,355.9731212,65.82008368
4160,United States,USA,1998,20.8269,0.524659346,3.056258586,322.0892737,65.61712579
4161,United States,USA,1999,20.839,0.51834207,4.533331313,316.6051818,66.47772053
4162,United States,USA,2000,21.3357,0.518512654,5.649758586,272.7613505,66.58282211
4163,United States,USA,2001,20.7474,0.574351055,6.805384848,210.24,66.83043579
4164,United States,USA,2002,20.7003,0.601597598,10.45886869,258.1675788,71.78935684
4165,United States,USA,2003,20.7437,0.610654318,11.30047071,269.9709677,71.33214
4166,United States,USA,2004,20.913,0.698132438,14.28660707,262.5546444,71.94537263
4167,United States,USA,2005,20.7954,0.748900634,17.99045354,266.4277444,72.59806
4168,United States,USA,2006,20.324,0.824432129,26.85771414,285.5440141,73.08227053
4169,United States,USA,2007,20.3953,1.095410499,34.79790606,243.0440626,73.86955053
4170,United States,USA,2008,19.4872,1.633062564,55.92232323,251.0538616,73.55147368
4171,United States,USA,2009,17.8847,2.075960394,74.63245657,271.5330798,73.15986105
4172,United States,USA,2010,18.3676,3.013036421,95.60832929,257.2746838,75.06184632
4173,United States,USA,2011,17.7807,4.738904128,121.390504,316.0953414,75.77515895
4174,United States,USA,2012,16.9998,9.037013756,142.2441444,274.0300273,77.03610211
4175,United States,USA,2013,17.3017,16.03969548,169.535096,266.5498485,80.66553158
4176,United States,USA,2014,17.3306,29.21616162,183.4901838,255.7505798,84.07022947
4177,United States,USA,2015,16.7408,39.42626263,192.644998,246.4531283,83.73626526
4178,United States,USA,2016,16.2469,55.42020202,229.2854162,263.7636626,82.72256632
4179,United States,USA,2017,16.0197,78.05757576,256.8714091,296.8064465,82.80032105
4180,United States,USA,2018,16.434,94.30808081,275.4216707,289.514596,81.89320632
4181,United States,USA,2019,15.972,107.9737374,298.871196,285.4676636,76.82054316
4182,United States,USA,2020,14.2379,133.9707071,340.9190051,288.6763949,76.82545789
4320,Vietnam,VNM,2010,1.5754,0.005896,0.0407,28.52437,0.055
4321,Vietnam,VNM,2011,1.7017,0.005896,0.0407,41.07567029,0.056
4322,Vietnam,VNM,2012,1.5874,0.005896,0.0407,53.30537,0.057
4323,Vietnam,VNM,2013,1.6443,0.005896,0.0689,57.81968827,0.058
4324,Vietnam,VNM,2014,1.8428,0.006669,0.0689,62.16493568,0.059
4325,Vietnam,VNM,2015,2.0825,0.006669,0.1767,57.17084366,0.07
4326,Vietnam,VNM,2016,2.0586,0.006669,0.2098,66.04757389,0.068
4327,Vietnam,VNM,2017,2.0639,0.009371,0.268292,88.76210281,0.076454
4328,Vietnam,VNM,2018,2.3415,0.113493222,0.310233104,84.48531967,0.076454
4329,Vietnam,VNM,2019,2.6986,4.117189064,0.000483605,67.72248357,0.000439336
4330,Vietnam,VNM,2020,2.6126,9.452731141,0.00077947,68.96491825,0.000409552
4349,World,OWID_WRL,1983,4.0425,0.003,0.032794949,1877.769376,68.01793288
4350,World,OWID_WRL,1984,4.1088,0.006311111,0.044755556,1941.375556,76.0092183
4351,World,OWID_WRL,1985,4.1712,0.011747475,0.064220202,1979.774848,77.79223188
4352,World,OWID_WRL,1986,4.1567,0.015183838,0.138831313,2006.571648,85.57913315
4353,World,OWID_WRL,1987,4.209,0.01060303,0.195376768,2033.706398,91.64285454
4354,World,OWID_WRL,1988,4.2953,0.01019596,0.331579798,2098.720984,94.28072763
4355,World,OWID_WRL,1989,4.2782,0.262223232,2.649776768,2087.570913,104.3482891
4356,World,OWID_WRL,1990,4.2702,0.388294949,3.632470516,2158.906256,117.0026734
4357,World,OWID_WRL,1991,4.292,0.505202873,4.086706675,2209.410404,122.0189743
4358,World,OWID_WRL,1992,4.1044,0.468585109,4.733212019,2209.074255,130.9718438
4359,World,OWID_WRL,1993,4.0855,0.556697524,5.697568819,2341.244792,135.3057577
4360,World,OWID_WRL,1994,4.0551,0.600013925,7.122929844,2356.881825,140.4256751
4361,World,OWID_WRL,1995,4.0831,0.640813779,8.261923444,2485.633411,146.3616624
4362,World,OWID_WRL,1996,4.1469,0.705207972,9.204600661,2520.498994,150.5656293
4363,World,OWID_WRL,1997,4.1152,0.756584792,12.01781647,2566.13537,161.2867418
4364,World,OWID_WRL,1998,4.0446,0.831788965,15.92126027,2586.942015,168.7621089
4365,World,OWID_WRL,1999,4.0432,0.916196899,21.21617401,2605.676465,177.3933583
4366,World,OWID_WRL,2000,4.1073,1.118970397,31.42043456,2651.962539,185.9737235
4367,World,OWID_WRL,2001,4.0899,1.399285679,38.39045195,2583.888265,191.802951
4368,World,OWID_WRL,2002,4.1319,1.762091131,52.33078199,2631.847397,206.2917985
4369,World,OWID_WRL,2003,4.2885,2.256373155,62.9113953,2627.604435,217.8548881
4370,World,OWID_WRL,2004,4.4305,2.972715218,85.11619243,2820.745229,235.210346
4371,World,OWID_WRL,2005,4.5249,4.163299658,104.0838798,2916.436224,254.5110424
4372,World,OWID_WRL,2006,4.6172,5.718888865,132.859216,3027.67847,271.6271307
4373,World,OWID_WRL,2007,4.6962,7.758600806,170.6826206,3079.335975,294.651876
4374,World,OWID_WRL,2008,4.7235,12.60845712,220.6000452,3257.389347,315.3096194
4375,World,OWID_WRL,2009,4.5987,20.94134725,276.0205263,3252.498403,338.8156588
4376,World,OWID_WRL,2010,4.7927,33.67196563,346.4650219,3435.769901,381.028885
4377,World,OWID_WRL,2011,4.895,65.17952368,440.385092,3501.090942,402.6468217
4378,World,OWID_WRL,2012,4.9079,101.1563675,530.5544214,3649.811389,436.1639502
4379,World,OWID_WRL,2013,4.893,138.9366135,635.492051,3795.929982,471.0720411
4380,World,OWID_WRL,2014,4.8707,197.7600477,705.8058608,3894.239742,510.48156
4381,World,OWID_WRL,2015,4.8097,256.3559999,831.4296883,3885.012339,546.641182
4382,World,OWID_WRL,2016,4.7496,328.3852083,962.2273954,4018.671591,560.6810821
4383,World,OWID_WRL,2017,4.7595,446.0541642,1140.310949,4066.718275,593.7909798
4384,World,OWID_WRL,2018,4.8022,576.9512475,1269.520536,4176.687496,632.173911
4385,World,OWID_WRL,2019,4.7582,707.9184953,1418.170046,4227.88328,663.1342918
4386,World,OWID_WRL,2020,4.4654,855.7246897,1591.213512,4296.802045,700.0686508
