,Unnamed: 0_x,Entity,Code,Year,Annual CO2 emissions (per capita),Renewable electricity per capita (kWh),Unnamed: 0_y,Renewables (% sub energy),Solar Generation - TWh,Wind Generation - TWh,Hydro Generation - TWh,Geo Biomass Other - TWh
0,21,Africa,AFR,2000,1.0936,95.341,35,6.759,0.011941,0.1755,75.24581662,2.269063158
1,22,Africa,AFR,2001,1.0645,101.444,36,6.982,0.01496,0.41558,80.86411472,2.335352632
2,23,Africa,AFR,2002,1.0489,101.457,37,7.219,0.01787101,0.443584,85.18146813,2.2864
3,24,Africa,AFR,2003,1.1094,97.575,38,6.703,0.02132901,0.535599,82.87260146,2.6224
4,25,Africa,AFR,2004,1.1603,101.36,39,6.612,0.02576101,0.768280505,87.40546926,2.978849535
5,26,Africa,AFR,2005,1.1547,101.719,40,6.622,0.03067601,0.780382111,89.06573418,3.009669408
6,27,Africa,AFR,2006,1.1613,102.703,41,6.745,0.03895701,0.852565606,92.24435301,3.770404784
7,28,Africa,AFR,2007,1.1763,102.531,42,6.658,0.051533293,1.016223364,95.34056181,3.142048288
8,29,Africa,AFR,2008,1.1968,102.134,43,6.375,0.073232202,1.311778131,97.15720925,3.267395686
9,30,Africa,AFR,2009,1.1762,103.283,44,6.413,0.096152927,1.589230939,99.7611369,3.56272219
10,31,Africa,AFR,2010,1.1725,112.469,45,6.681,0.21252075,2.284582434,107.4268326,3.825406558
11,32,Africa,AFR,2011,1.1809,110.933,46,6.836,0.601454301,2.386503939,110.444821,3.929656611
12,33,Africa,AFR,2012,1.1456,109.445,47,6.62,0.994443126,2.51563024,110.9523002,4.085024546
13,34,Africa,AFR,2013,1.1227,112.987,48,6.827,0.78891014,3.593447303,117.6388464,4.4308941
14,35,Africa,AFR,2014,1.1837,120.744,49,7.042,1.93770017,5.060072834,123.7267948,5.521055906
15,36,Africa,AFR,2015,1.1191,120.429,50,7.053,3.592173384,8.910686283,120.1678361,7.191202122
16,37,Africa,AFR,2016,1.1189,118.496,51,6.843,5.12019689,11.17637067,116.7188052,7.281251193
17,38,Africa,AFR,2017,1.1131,122.149,52,7.239,6.902446607,12.4577741,125.8165222,7.653766329
18,39,Africa,AFR,2018,1.0865,127.751,53,7.554,8.295433824,14.77072335,133.140498,8.097891299
19,40,Africa,AFR,2019,1.0772,128.136,54,7.874,10.90690156,18.85772913,137.2155108,8.22808243
20,41,Africa,AFR,2020,0.9896,130.3,55,8.849,12.40778213,21.78984307,142.5749961,8.068135119
21,204,Argentina,ARG,1998,3.8668,912.786,145,13.056,1.7e-05,0.032541,32.42178788,0.463881203
22,205,Argentina,ARG,1999,4.0388,746.296,146,10.695,2.6e-05,0.034781,26.53007071,0.650455143
23,206,Argentina,ARG,2000,3.861,792.768,147,13.611,3.6e-05,0.034758,34.0340101,0.67501431
24,207,Argentina,ARG,2001,3.5949,1001.726,148,17.005,4.3e-05,0.049361,41.90326263,0.60932585
25,208,Argentina,ARG,2002,3.3011,968.108,149,17.506,4.7e-05,0.073405,41.46705051,0.850248638
26,209,Argentina,ARG,2003,3.5347,908.688,150,15.428,6.5e-05,0.077954,39.08008081,1.014079858
27,210,Argentina,ARG,2004,4.0799,808.74,151,13.093,7e-05,0.072446,35.40287879,0.90029509
28,211,Argentina,ARG,2005,4.1507,895.793,152,13.65,8.1e-05,0.071719665,39.35009091,1.074072901
29,212,Argentina,ARG,2006,4.4441,1001.021,153,14.413,9e-05,0.06964,43.624,1.567410315
30,213,Argentina,ARG,2007,4.3908,802.08,154,11.898,0.0001089,0.061593,37.741,1.575708696
31,214,Argentina,ARG,2008,4.6932,794.907,155,11.564,0.0001437,0.041951078,37.199,1.693536384
32,215,Argentina,ARG,2009,4.4204,873.211,156,12.918,7.6084e-05,0.036831529,40.783,1.728756162
33,216,Argentina,ARG,2010,4.5661,858.769,157,13.02,8.589e-05,0.025351606,40.543,2.01325481
34,217,Argentina,ARG,2011,4.6048,807.106,158,12.648,0.001614,0.02659055,39.641,2.190205828
35,218,Argentina,ARG,2012,4.5914,767.09,159,11.765,0.008172967,0.369861999,36.876,2.45382161
36,219,Argentina,ARG,2013,4.506,853.872,160,12.378,0.015074079,0.453354876,40.7,2.45735005
37,220,Argentina,ARG,2014,4.4247,828.848,161,12.577,0.015944,0.619491,40.864,2.302025252
38,221,Argentina,ARG,2015,4.4667,812.761,162,12.636,0.014683,0.593334963,41.7709,2.378258598
39,222,Argentina,ARG,2016,4.3894,734.8,163,11.753,0.014273,0.547359,38.25439327,1.963408643
40,223,Argentina,ARG,2017,4.2744,786.578,164,12.834,0.016417,0.611567,41.54297858,2.383654508
41,224,Argentina,ARG,2018,4.0824,765.76,165,12.643,0.10813,1.412743,41.64786518,0.473010421
42,225,Argentina,ARG,2019,3.7419,754.343,166,13.38,0.799697913,4.995966424,37.06678706,0.622944562
43,226,Argentina,ARG,2020,3.4733,784.365,167,12.886,1.344340935,9.470297617,30.54359219,0.413941191
44,353,Australia,AUS,1993,16.5495,969.914,196,4.471,0.0146,0.002,16.387,0.67
45,354,Australia,AUS,1994,16.8601,947.798,197,4.251,0.0174,0.0055,16.15,0.6965
46,355,Australia,AUS,1995,17.1189,916.166,198,3.978,0.02115,0.007,15.631,0.8255
47,356,Australia,AUS,1996,17.3911,931.736,199,3.973,0.0256,0.007,15.9685,0.9465
48,357,Australia,AUS,1997,17.7901,923.884,200,3.887,0.03065,0.0075,15.9525,0.997
49,358,Australia,AUS,1998,18.2222,910.99,201,3.784,0.0356,0.018,15.798,1.081
50,359,Australia,AUS,1999,18.4477,931.362,202,3.757,0.0406,0.043,16.2815,1.1335
51,360,Australia,AUS,2000,18.5252,900.932,203,3.788,0.04675,0.134,16.4665,0.8895
52,361,Australia,AUS,2001,18.7789,906.501,204,3.686,0.05415,0.287,16.1235,0.7975
53,362,Australia,AUS,2002,18.922,894.267,205,3.734,0.0583,0.53355,16.095,1.2668
54,363,Australia,AUS,2003,19.0191,942.715,206,3.798,0.0632,0.70405,16.21055,1.6918
55,364,Australia,AUS,2004,19.4554,976.375,207,3.782,0.07295,0.795,15.68665,2.81525
56,365,Australia,AUS,2005,19.2086,978.762,208,4.01,0.08405,1.29905,15.4657,3.871
57,366,Australia,AUS,2006,19.3554,1032.334,209,3.918,0.0975,2.1621,14.9451,3.9325
58,367,Australia,AUS,2007,19.2159,1000.653,210,3.689,0.11375,2.8521,13.04895,4.275
59,368,Australia,AUS,2008,19.2034,866.761,211,3.437,0.1392,3.45845,11.81515,3.6961
60,369,Australia,AUS,2009,18.4508,841.806,212,3.653,0.29024203,4.43775,12.64205,2.7868
61,370,Australia,AUS,2010,18.2595,960.97,213,4.051,0.97764828,4.985,13.746,2.44155
62,371,Australia,AUS,2011,17.9849,1181.56,214,5.384,2.04454657,6.432,19.572,2.57395
63,372,Australia,AUS,2012,17.5806,1146.964,215,5.353,2.412,7.725,17.036,3.09785
64,373,Australia,AUS,2013,16.907,1407.875,216,6.174,3.8474,9.259,19.089,3.33165
65,374,Australia,AUS,2014,16.9201,1520.569,217,5.65,4.952,9.777,14.484,3.546362
66,375,Australia,AUS,2015,16.8507,1390.16,218,5.914,6.195524404,11.83300209,14.08659847,3.678061995
67,376,Australia,AUS,2016,17.1434,1520.44,219,6.778,7.439775697,13.03970488,17.6294521,3.627512928
68,377,Australia,AUS,2017,16.8704,1628.254,220,6.352,8.91755657,13.21079043,13.49974762,3.561683859
69,378,Australia,AUS,2018,16.7081,1781.257,221,7.883,12.33254445,16.26195432,17.33836109,3.58814896
70,379,Australia,AUS,2019,16.447,2038.63,222,8.491,18.2969867,19.47168808,14.1138688,3.467726188
71,380,Australia,AUS,2020,15.3684,2341.187,223,10.374,23.84266127,22.6068918,14.5346444,3.410424136
72,411,Austria,AUT,1995,8.0113,4869.768,254,30.104,0.001,0.001,37.067222,1.857221
73,412,Austria,AUT,1996,8.4007,4463.789,255,27.613,0.001,0.005,34.216111,1.589444
74,413,Austria,AUT,1997,8.3721,4708.154,256,28.597,0.002,0.02,36.105278,1.711389
75,414,Austria,AUT,1998,8.3182,4853.841,257,29.059,0.002,0.045,37.163333,1.842777
76,415,Austria,AUT,1999,8.1529,5260.14,258,30.845,0.002,0.051,40.6991208,1.596911819
77,416,Austria,AUT,2000,8.1964,5383.383,259,31.53,0.003,0.067,41.83565055,1.52827932
78,417,Austria,AUT,2001,8.6615,5216.261,260,29.432,0.005,0.172,40.45548165,1.667812
79,418,Austria,AUT,2002,8.8443,5150.962,261,28.954,0.009,0.203,40.22700281,1.520444
80,419,Austria,AUT,2003,9.4731,4310.253,262,23.897,0.015,0.366,33.21499204,1.711921
81,420,Austria,AUT,2004,9.4523,4821.823,263,26.296,0.018,0.924,36.762283,2.05973
82,421,Austria,AUT,2005,9.5797,4952.957,264,26.583,0.021018375,1.331276757,37.09513834,2.437154339
83,422,Austria,AUT,2006,9.269,4907.461,265,27.174,0.022386875,1.752792984,35.65608477,3.237502556
84,423,Austria,AUT,2007,8.9126,5192.614,266,29.45,0.024238375,2.037184927,37.05445286,4.061606911
85,424,Austria,AUT,2008,8.808,5338.352,267,29.866,0.03011991,2.011257409,38.32949104,4.302304141
86,425,Austria,AUT,2009,8.037,5635.009,268,32.71,0.04891428,1.954040168,40.89630336,4.277982167
87,426,Austria,AUT,2010,8.5613,5349.619,269,30.016,0.08881314,2.063913736,38.36341829,4.463430081
88,427,Austria,AUT,2011,8.2674,4839.415,270,29.106,0.17406996,1.93623636,34.23908351,4.516752009
89,428,Austria,AUT,2012,7.9113,6037.24,271,34.186,0.33748305,2.462029019,43.80410469,4.608036501
90,429,Austria,AUT,2013,7.9192,5902.159,272,33.523,0.625974,3.153231562,42.0465273,4.584281709
91,430,Austria,AUT,2014,7.4474,5826.907,273,34.823,0.785246,3.845768035,41.01025937,4.336296196
92,431,Austria,AUT,2015,7.6454,5483.561,274,33.145,0.937098,4.840343102,37.05552838,4.503546527
93,432,Austria,AUT,2016,7.6841,5839.512,275,33.814,1.096016,5.234838273,39.84471615,4.691227039
94,433,Austria,AUT,2017,7.8911,5788.046,276,32.744,1.268971,6.571511136,38.293433,4.920933436
95,434,Austria,AUT,2018,7.4865,5630.17,277,32.79,1.455132,6.030429449,37.637911,4.930195781
96,435,Austria,AUT,2019,7.5892,6101.546,278,33.779,1.702093,7.477363299,40.455346,4.745310238
97,436,Austria,AUT,2020,6.7324,6153.402,279,36.392,1.590574729,6.794140175,40.95375978,5.253975479
98,465,Azerbaijan,AZE,2013,3.752,156.625,308,2.601,0.0008,0.0008,1.4891,0.067
99,466,Azerbaijan,AZE,2014,3.8898,135.709,309,2.265,0.0029,0.0023,1.2997,0.087
100,467,Azerbaijan,AZE,2015,3.8439,168.351,310,2.571,0.0046,0.0046,1.6375,0.0909
101,468,Azerbaijan,AZE,2016,3.8059,205.422,311,3.125,0.0353,0.0228,1.9593,0.08725
102,469,Azerbaijan,AZE,2017,3.7307,181.812,312,2.845,0.0372,0.0221,1.7464,0.08515
103,470,Azerbaijan,AZE,2018,3.7034,187.948,313,2.866,0.03926,0.0827,1.768,0.0811
104,471,Azerbaijan,AZE,2019,3.8541,168.197,314,2.492,0.0442,0.1054,1.5648,0.09795
105,472,Azerbaijan,AZE,2020,3.7203,120.325,315,1.869,0.0472,0.0951,1.068,0.098218356
106,553,Bangladesh,BGD,2009,0.3368,3.221,354,0.481,0.0251,0.0051,0.417,0.001
107,554,Bangladesh,BGD,2010,0.3659,5.692,355,0.813,0.0443,0.0051,0.729,0.002
108,555,Bangladesh,BGD,2011,0.3789,6.632,356,0.894,0.0584,0.0051,0.872,0.003
109,556,Bangladesh,BGD,2012,0.4019,5.563,357,0.775,0.0909,0.0051,0.777,0.004
110,557,Bangladesh,BGD,2013,0.4044,7.201,358,0.74,0.129563,0.005081,0.728378728,0.004993
111,558,Bangladesh,BGD,2014,0.427,5.307,359,0.606,0.166947,0.005081,0.566453438,0.006015
112,559,Bangladesh,BGD,2015,0.469,5.376,360,0.769,0.198389,0.005081,0.898146455,0.002682
113,560,Bangladesh,BGD,2016,0.4841,8.102,361,0.757,0.219999,0.005081,0.884632595,0.002877
114,561,Bangladesh,BGD,2017,0.5069,8.391,362,0.841,0.253361,0.005081,1.029528088,0.002877
115,562,Bangladesh,BGD,2018,0.5118,8.737,363,0.701,0.275068,0.005081,0.865411112,0.002877
116,563,Bangladesh,BGD,2019,0.5778,7.544,364,0.642,0.349231785,0.005081,0.823091189,0.002877
117,564,Bangladesh,BGD,2020,0.5637,6.497,365,0.626,0.412784892,0.005081,0.700670737,0.003035367
118,614,Belarus,BLR,2013,6.7106,30.774,394,0.204,0.0004,0.008,0.138,0.082
119,615,Belarus,BLR,2014,6.6381,28.627,395,0.181,0.002,0.009,0.121,0.079
120,616,Belarus,BLR,2015,6.1484,29.663,396,0.238,0.009,0.039,0.111,0.094
121,617,Belarus,BLR,2016,6.3364,42.348,397,0.315,0.026,0.073,0.142,0.094
122,618,Belarus,BLR,2017,6.3613,78.305,398,0.639,0.089,0.097,0.406,0.106
123,619,Belarus,BLR,2018,6.4492,85.691,399,0.544,0.118,0.099,0.324,0.109
124,620,Belarus,BLR,2019,6.4558,98.388,400,0.682,0.179,0.166,0.351,0.11
125,621,Belarus,BLR,2020,6.0793,133.343,401,0.752,0.181743295,0.183883978,0.353340883,0.11206379
126,661,Belgium,BEL,2004,12.2881,143.128,441,0.532,0.001,0.142,0.317,1.037
127,662,Belgium,BEL,2005,11.9126,200.059,442,0.753,0.001,0.227,0.288,1.59
128,663,Belgium,BEL,2006,11.6657,278.733,443,1.046,0.002,0.366,0.359,2.225
129,664,Belgium,BEL,2007,11.2623,326.242,444,1.22,0.006,0.491,0.389,2.6
130,665,Belgium,BEL,2008,11.1498,410.066,445,1.512,0.042,0.637,0.41,3.329
131,666,Belgium,BEL,2009,9.9183,501.845,446,2.193,0.166,0.996,0.328,3.949
132,667,Belgium,BEL,2010,10.4714,597.875,447,2.745,0.56,1.292,0.312,4.330428
133,668,Belgium,BEL,2011,9.5358,754.504,448,3.601,1.169,2.312,0.196,4.699934
134,669,Belgium,BEL,2012,9.2361,947.196,449,4.512,2.148,2.751,0.357,5.202093
135,670,Belgium,BEL,2013,9.2032,1049.847,450,4.805,2.644,3.665,0.38,4.98362
136,671,Belgium,BEL,2014,8.6325,1088.116,451,5.498,2.8862,4.6153,0.2952,4.4732
137,672,Belgium,BEL,2015,8.9525,1280.128,452,5.976,3.0563,5.574,0.3184,5.5637
138,673,Belgium,BEL,2016,8.7959,1255.019,453,5.744,3.0952,5.4377,0.37,5.4499
139,674,Belgium,BEL,2017,8.7084,1383.568,454,6.233,3.3076,6.5137,0.2701,5.777
140,675,Belgium,BEL,2018,8.7289,1495.361,455,6.684,3.9029,7.4647,0.3135,5.4708
141,676,Belgium,BEL,2019,8.644,1686.407,456,7.254,4.247,9.7256,0.302,5.2409
142,677,Belgium,BEL,2020,7.2262,2019.912,457,10.745,5.137378997,13.03086657,0.281926695,5.331659266
143,851,Brazil,BRA,2012,2.5005,2261.057,505,40.513,0.00098,5.05,415.3421755,35.76567086
144,852,Brazil,BRA,2013,2.6484,2153.247,506,38.212,0.004793593,6.575862737,390.992014,40.97184609
145,853,Brazil,BRA,2014,2.7515,2105.801,507,37.224,0.016081802,12.21025167,373.4390605,47.07918279
146,854,Brazil,BRA,2015,2.5889,2081.168,508,38.448,0.058917412,21.62570216,359.7428082,49.88032083
147,855,Brazil,BRA,2016,2.3901,2230.565,509,41.315,0.085260592,33.488872,380.9109424,51.33469956
148,856,Brazil,BRA,2017,2.4094,2217.685,510,40.973,0.831813401,42.37325825,370.9064564,52.91210534
149,857,Brazil,BRA,2018,2.3091,2334.375,511,43.544,3.461434834,48.47514121,388.9710759,54.38223437
150,858,Brazil,BRA,2019,2.3018,2411.472,512,44.543,6.654579083,55.98562168,397.8770566,54.92087661
151,859,Brazil,BRA,2020,2.1988,2485.046,513,46.054,7.958688663,57.01361507,396.7985,55.36807301
152,946,Bulgaria,BGR,2009,6.1303,492.406,558,4.851,0.003,0.237,3.47,0.008
153,947,Bulgaria,BGR,2010,6.4459,775.756,559,7.211,0.015,0.681,5.057,0.035
154,948,Bulgaria,BGR,2011,7.2068,527.197,560,4.578,0.101,0.861,2.917,0.056
155,949,Bulgaria,BGR,2012,6.5913,719.934,561,6.495,0.814,1.221,3.226,0.066
156,950,Bulgaria,BGR,2013,5.8546,943.747,562,9.078,1.361,1.374,4.08,0.111713
157,951,Bulgaria,BGR,2014,6.2406,1018.542,563,9.015,1.252,1.331,4.605,0.200792
158,952,Bulgaria,BGR,2015,6.7052,1215.322,564,10.004,1.383,1.452,5.661,0.270185
159,953,Bulgaria,BGR,2016,6.3622,984.347,565,8.509,1.386,1.425,3.942,0.353614
160,954,Bulgaria,BGR,2017,6.6994,863.082,566,7.134,1.402965,1.504064,2.828103,0.395981
161,955,Bulgaria,BGR,2018,6.1883,1330.193,567,10.894,1.342775,1.318123,5.146578,1.5921
162,956,Bulgaria,BGR,2019,6.0317,1072.839,568,9.037,1.4425,1.317,2.9658,1.8311
163,957,Bulgaria,BGR,2020,5.3888,1076.5,569,10.157,1.497319069,1.47723988,2.951120825,1.964135979
164,1069,Canada,CAN,1992,16.4227,11327.1,597,29.226,0.002052632,0.059,315.1746545,4.465
165,1070,Canada,CAN,1993,16.2531,11457.628,598,29.171,0.002052632,0.059,322.213898,4.817
166,1071,Canada,CAN,1994,16.5715,11560.677,599,28.662,0.002052632,0.059,327.8555808,5.733
167,1072,Canada,CAN,1995,16.8341,11701.367,600,28.611,0.003842105,0.059,334.0597343,7.137865803
168,1073,Canada,CAN,1996,17.211,12295.156,601,29.574,0.005894737,0.062,354.5920747,7.5285148
169,1074,Canada,CAN,1997,17.5265,12000.277,602,28.985,0.006947368,0.062,348.6796212,8.16821952
170,1075,Canada,CAN,1998,17.6199,11322.643,603,28.023,0.010105263,0.062,330.8699253,8.987253723
171,1076,Canada,CAN,1999,17.9434,11686.133,604,28.3,0.013263158,0.162,345.0007828,8.943148172
172,1077,Canada,CAN,2000,18.5218,11890.137,605,28.474,0.016421053,0.264,356.7600778,8.917042302
173,1078,Canada,CAN,2001,18.1037,10996.736,606,26.941,0.019578947,0.329,331.5210293,9.672149201
174,1079,Canada,CAN,2002,18.111,11452.211,607,27.272,0.022736842,0.405,349.2746394,10.04610406
175,1080,Canada,CAN,2003,18.4941,10920.97,608,25.941,0.022789474,0.69,336.1393646,9.417294047
176,1081,Canada,CAN,2004,18.254,10928.01,609,25.599,0.014263158,0.945,338.3983606,9.804526316
177,1082,Canada,CAN,2005,17.9035,11461.461,610,26.943,0.018473684,1.552,361.9557495,9.154255789
178,1083,Canada,CAN,2006,17.5618,11072.934,611,26.332,0.022684211,2.448,352.8872859,8.937625263
179,1084,Canada,CAN,2007,18.058,11396.02,612,26.458,0.028947368,2.977206,367.6214596,8.990656842
180,1085,Canada,CAN,2008,17.3788,11554.809,613,27.273,0.035,3.788514141,377.4877303,7.978966316
181,1086,Canada,CAN,2009,16.1977,11325.163,614,27.862,0.109,6.641651515,368.6874051,8.942056842
182,1087,Canada,CAN,2010,16.3644,10816.583,615,26.491,0.255,8.724191919,351.384803,10.29755789
183,1088,Canada,CAN,2011,16.4993,11426.162,616,27.302,0.572,10.18857374,375.7237242,10.21378421
184,1089,Canada,CAN,2012,16.301,11497.899,617,27.651,0.881,11.31148788,380.2671364,10.91381895
185,1090,Canada,CAN,2013,16.2537,11902.301,618,27.624,1.499,11.14544343,391.7888717,11.03561053
186,1091,Canada,CAN,2014,15.9981,11626.74,619,26.847,2.12,12.8170697,382.5013788,9.795245263
187,1092,Canada,CAN,2015,15.9066,11592.801,620,27.471,2.895,26.96639091,382.1932566,9.987178947
188,1093,Canada,CAN,2016,15.3799,11747.264,621,28.22,4.032322222,30.93311717,385.4324253,11.35952316
189,1094,Canada,CAN,2017,15.5004,11766.551,622,28.163,3.573738384,31.51361515,394.5873848,6.56206
190,1095,Canada,CAN,2018,15.6299,11571.277,623,27.465,3.796969697,33.14446566,385.8939616,10.54160526
191,1096,Canada,CAN,2019,15.5673,11349.858,624,26.971,4.216972727,32.6596697,379.6689263,10.26202105
192,1097,Canada,CAN,2020,14.1969,11489.275,625,28.999,4.424325253,36.10247467,384.6719359,10.69488946
193,1208,Chile,CHL,2012,4.5794,1354.57,673,16.677,0.00034039,0.40838745,20.16202386,5.983173515
194,1209,Chile,CHL,2013,4.6559,1423.327,674,16.909,0.00675656,0.545075566,19.90721056,6.896006202
195,1210,Chile,CHL,2014,4.3681,1566.532,675,18.754,0.458712984,1.44312018,23.0450776,4.989873005
196,1211,Chile,CHL,2015,4.5536,1583.251,676,19.894,1.360100279,2.11464801,23.62150692,5.566129616
197,1212,Chile,CHL,2016,4.6346,1619.522,677,18.129,2.5502637,2.451839459,19.69072697,6.722216022
198,1213,Chile,CHL,2017,4.5503,1621.51,678,20.678,3.895948315,3.625559357,21.32573088,7.449310113
199,1214,Chile,CHL,2018,4.5068,1785.451,679,22.442,5.118720829,3.587894717,23.36676918,9.157251969
200,1215,Chile,CHL,2019,4.5446,1776.59,680,22.323,6.300226399,4.895221294,21.44032717,9.546549543
201,1216,Chile,CHL,2020,4.2462,1867.525,681,24.452,7.614843515,5.625540663,20.65732844,10.33838395
202,1242,China,CHN,1990,2.1114,107.752,707,4.418,0.002,0.002020202,126.7439726,0.064
203,1243,China,CHN,1991,2.1847,104.589,708,4.138,0.002,0.009090909,124.6889516,0.064
204,1244,China,CHN,1992,2.263,108.504,709,4.124,0.003,0.131313131,130.6860774,0.113
205,1245,China,CHN,1993,2.3971,124.858,710,4.451,0.004,0.212121212,151.8461646,0.117
206,1246,China,CHN,1994,2.5203,136.809,711,4.637,0.005,0.383838384,167.428969,0.46
207,1247,China,CHN,1995,2.706,156.511,712,5.192,0.007,0.616161616,190.58,3.014
208,1248,China,CHN,1996,2.7989,151.486,713,4.818,0.009,0.093939394,187.97,1.533
209,1249,China,CHN,1997,2.7814,157.616,714,5.025,0.011,0.197979798,195.98,2.722
210,1250,China,CHN,1998,2.6419,158.602,715,5.089,0.014,0.355555556,198.89,2.48
211,1251,China,CHN,1999,2.6144,155.746,716,4.865,0.017,0.473737374,196.58,2.52
212,1252,China,CHN,2000,2.6649,174.777,717,5.313,0.022,0.58989899,222.41,2.537
213,1253,China,CHN,2001,2.7056,216.094,718,6.22,0.031,0.719191919,277.43,2.554
214,1254,China,CHN,2002,2.9622,222.894,719,5.901,0.048,0.837373737,287.97,2.546
215,1255,China,CHN,2003,3.4555,218.411,720,4.983,0.064,0.996969697,283.68,2.536
216,1256,China,CHN,2004,3.9482,270.146,721,5.266,0.076,1.277777778,353.544,2.528
217,1257,China,CHN,2005,4.4159,303.86,722,5.219,0.084,1.946060606,397.017,5.322
218,1258,China,CHN,2006,4.8481,333.774,723,5.238,0.095,3.711818182,435.786,7.133
219,1259,China,CHN,2007,5.1847,372.008,724,5.367,0.114,5.479292929,485.264,9.863
220,1260,China,CHN,2008,5.5386,491.351,725,6.828,0.152,13.1,636.96,14.866
221,1261,China,CHN,2009,5.7939,488.108,726,6.507,0.279,27.61499783,615.644,20.85932
222,1262,China,CHN,2010,6.295,574.502,727,7.146,0.701,49.39962,711.38314,24.90023
223,1263,China,CHN,2011,6.9223,575.654,728,6.638,2.61,74.1,688.045,27.632
224,1264,China,CHN,2012,7.0623,722.126,729,7.997,3.5945099,103.0499065,862.79411,30.133
225,1265,China,CHN,2013,7.1506,785.542,730,8.394,8.3738865,138.2641332,909.6122734,37.133
226,1266,China,CHN,2014,7.1353,921.241,731,9.568,23.51216,159.7627,1059.69167,46.26822
227,1267,China,CHN,2015,7.0003,990.624,732,10.108,39.48057,185.59144,1114.51541,54.07029
228,1268,China,CHN,2016,6.8742,1076.901,733,10.795,66.52795,240.8605,1153.2675,62.134767
229,1269,China,CHN,2017,6.9812,1173.144,734,11.367,117.8,304.6,1165.065,79.59748421
230,1270,China,CHN,2018,7.2077,1285.549,735,12.024,176.9,365.8,1198.887,93.7238
231,1271,China,CHN,2019,7.3163,1405.067,736,12.74,224.0,405.3,1272.538,112.7238
232,1272,China,CHN,2020,7.4117,1518.167,737,13.429,261.1,466.5,1322.009109,135.5242
233,1312,Colombia,COL,2004,1.2969,948.047,777,33.078,0.007951726,0.05199,38.330058,0.467
234,1313,Colombia,COL,2005,1.4083,929.241,778,33.614,0.00953125,0.04948,39.220888,0.503
235,1326,Colombia,COL,2018,1.7092,1216.849,791,30.303,0.011999821,0.055437176,56.64701407,2.119029289
236,1327,Colombia,COL,2019,1.7962,1099.535,792,28.338,0.131226024,0.063324063,54.14455518,2.439808308
237,1328,Colombia,COL,2020,1.7512,930.568,793,25.195,0.179402549,0.029023529,43.99338707,2.434662091
238,1453,Croatia,HRV,2009,5.0236,1723.002,813,18.668,1.6464e-05,0.054,7.409,0.025
239,1454,Croatia,HRV,2010,4.8564,2148.718,814,22.724,1.6464e-05,0.139,9.126,0.033
240,1455,Croatia,HRV,2011,4.7882,1224.178,815,14.652,1.6464e-05,0.201,5.033,0.055
241,1456,Croatia,HRV,2012,4.4435,1224.432,816,15.637,0.002,0.329,4.837,0.094
242,1457,Croatia,HRV,2013,4.3108,2169.952,817,25.134,0.011293959,0.517,8.622,0.125
243,1458,Croatia,HRV,2014,4.1551,2335.791,818,26.817,0.035,0.73,9.007,0.165
244,1459,Croatia,HRV,2015,4.2093,1776.571,819,21.189,0.057,0.796,6.391,0.266
245,1460,Croatia,HRV,2016,4.2967,1986.404,820,22.58,0.066,1.014,6.853,0.431
246,1461,Croatia,HRV,2017,4.475,1702.19,821,19.055,0.0787,1.204,5.3074,0.5256
247,1462,Croatia,HRV,2018,4.2581,2352.994,822,25.263,0.0749,1.3354,7.7009,0.6701
248,1463,Croatia,HRV,2019,4.3045,2021.646,823,21.988,0.0831,1.4673,5.8261,0.9703
249,1464,Croatia,HRV,2020,4.1366,2082.69,824,23.25,0.084059115,1.732291574,5.667144228,1.068581799
250,1581,Czechia,CZE,2004,12.5172,267.593,920,1.345,0.0001,0.0099,2.0191,0.580831
251,1582,Czechia,CZE,2005,12.2516,305.123,921,1.586,6.8e-05,0.02128,2.37991,0.648312
252,1583,Czechia,CZE,2006,12.2826,341.794,922,1.782,0.00017,0.049375,2.55073,0.912375
253,1584,Czechia,CZE,2007,12.3878,330.194,923,1.73,0.001754,0.125098,2.079338,1.187319
254,1585,Czechia,CZE,2008,11.7978,356.825,924,1.931,0.012937,0.244661,2.024335,1.456526
255,1586,Czechia,CZE,2009,10.9875,444.311,925,2.501,0.088807,0.288067,2.42962,1.86202
256,1587,Czechia,CZE,2010,11.1615,560.907,926,3.009,0.615702,0.335493,2.7894,2.146246
257,1588,Czechia,CZE,2011,10.8993,685.184,927,3.825,2.118,0.3968,2.1341,2.705329
258,1589,Czechia,CZE,2012,10.5175,762.666,928,4.256,2.1731,0.4173,2.2315,3.361419
259,1590,Czechia,CZE,2013,10.0624,878.475,929,4.959,2.0702,0.4783,2.8564,3.995469
260,1591,Czechia,CZE,2014,9.8285,865.821,930,4.918,2.1229,0.4765,1.9092,4.661073
261,1592,Czechia,CZE,2015,9.8916,887.619,931,5.123,2.2638,0.5726,1.7948,4.791685
262,1593,Czechia,CZE,2016,10.0468,884.275,932,5.147,2.131,0.497,2.0005,4.76655
263,1594,Czechia,CZE,2017,10.113,904.048,933,5.021,2.193368,0.591038,1.8695,4.964567
264,1595,Czechia,CZE,2018,9.9508,884.144,934,4.894,2.339677,0.60933,1.6274,4.826179
265,1596,Czechia,CZE,2019,9.4312,940.2,935,5.262,2.2859,0.7,2.008,5.0306
266,1597,Czechia,CZE,2020,8.215,965.545,936,5.872,2.2331,0.6991,2.1423,5.0917
267,1650,Denmark,DNK,1996,14.2443,395.824,968,1.996,0.000161111,1.2269,0.0193,0.83218319
268,1651,Denmark,DNK,1997,12.4014,555.165,969,3.103,0.000319444,1.9342,0.0192,0.975667404
269,1652,Denmark,DNK,1998,11.5499,741.456,970,4.315,0.0004,2.8199,0.0273,1.078156976
270,1653,Denmark,DNK,1999,11.018,823.034,971,4.966,0.000880556,3.029,0.0305,1.318908975
271,1654,Denmark,DNK,2000,10.1647,1042.838,972,6.581,0.0012,4.2412,0.0302,1.29960556
272,1655,Denmark,DNK,2001,10.429,1091.813,973,6.843,0.0012,4.306019444,0.0276,1.511559209
273,1656,Denmark,DNK,2002,10.3369,1263.774,974,7.92,0.001280556,4.876938889,0.0318,1.879121531
274,1657,Denmark,DNK,2003,11.2543,1498.06,975,8.694,0.001519444,5.560783333,0.0212,2.493351539
275,1658,Denmark,DNK,2004,10.1941,1762.064,976,10.781,0.001838889,6.583111111,0.0265,2.910754742
276,1659,Denmark,DNK,2005,9.5001,1807.551,977,11.447,0.002161111,6.614,0.0225,3.174249465
277,1660,Denmark,DNK,2006,10.9158,1689.843,978,9.678,0.002213889,6.107958333,0.0234,3.069949343
278,1661,Denmark,DNK,2007,9.9921,1883.026,979,11.369,0.002494444,7.1712,0.0282,3.105063804
279,1662,Denmark,DNK,2008,9.3165,1837.122,980,11.504,0.002622222,6.9278,0.0258,3.140571269
280,1663,Denmark,DNK,2009,8.8333,1820.357,981,12.123,0.00375,6.7205,0.0189,3.320257592
281,1664,Denmark,DNK,2010,8.8518,2237.685,982,14.174,0.006161111,7.809422222,0.020641667,4.593930556
282,1665,Denmark,DNK,2011,7.9196,2538.071,983,17.037,0.015130556,9.774183333,0.016869444,4.375025
283,1666,Denmark,DNK,2012,7.1005,2644.848,984,19.163,0.103861111,10.26993889,0.017475,4.446005556
284,1667,Denmark,DNK,2013,7.4042,2830.715,985,19.623,0.517541667,11.123275,0.013419444,4.313502778
285,1668,Denmark,DNK,2014,6.6282,3176.089,986,22.749,0.595516667,13.07850278,0.015102778,4.301852778
286,1669,Denmark,DNK,2015,6.1884,3327.652,987,24.699,0.604261111,14.13309167,0.018030556,4.200627778
287,1670,Denmark,DNK,2016,6.4803,3219.906,988,23.7,0.743780556,12.78173056,0.019272222,4.913772222
288,1671,Denmark,DNK,2017,6.061,3803.026,989,27.964,0.751486111,14.78,0.017872222,6.354777778
289,1672,Denmark,DNK,2018,6.0277,3607.359,990,26.832,0.952973,13.90195556,0.014861111,6.040580556
290,1673,Denmark,DNK,2019,5.3531,3998.699,991,30.68,0.963269444,16.14983333,0.017216667,6.163630556
291,1674,Denmark,DNK,2020,4.5224,4048.546,992,34.343,1.181313918,16.35334961,0.016561268,5.277787419
292,1780,Ecuador,ECU,2007,2.3562,694.573,1035,18.55,1.8162e-05,0.000962135,9.03765528,0.218752751
293,1781,Ecuador,ECU,2008,2.0345,854.446,1036,21.545,2.6687e-05,0.002682461,11.29333301,0.208324462
294,1782,Ecuador,ECU,2009,2.2,722.195,1037,17.949,7.88e-06,0.003204417,9.225407229,0.216519797
295,1784,Ecuador,ECU,2011,2.4533,820.657,1039,18.203,5.812e-05,0.00334467,11.13308825,0.27820037
296,1785,Ecuador,ECU,2012,2.401,891.813,1040,18.82,0.00032566,0.002398368,12.23772341,0.296353242
297,1786,Ecuador,ECU,2013,2.506,821.902,1041,16.451,0.003663607,0.056702975,11.03882457,0.29578793
298,1787,Ecuador,ECU,2014,2.7086,863.851,1042,16.332,0.016482696,0.079742467,11.45789563,0.399471183
299,1788,Ecuador,ECU,2015,2.5141,952.38,1043,18.603,0.036057927,0.098806317,13.09627001,0.407751048
300,1789,Ecuador,ECU,2016,2.3955,1085.433,1044,22.43,0.038754818,0.08395875,15.83384201,0.489796491
301,1790,Ecuador,ECU,2017,2.3399,1280.878,1045,27.015,0.03748,0.0734,20.08861,0.43085
302,1791,Ecuador,ECU,2018,2.2195,1299.434,1046,26.149,0.038079324,0.080257771,20.67800187,0.427967651
303,1792,Ecuador,ECU,2019,2.1157,1495.943,1047,30.388,0.16645228,0.085526937,24.66426354,0.454723448
304,1793,Ecuador,ECU,2020,1.7532,1485.003,1048,35.111,0.166446255,0.085526937,24.76799493,0.484793657
305,1937,Estonia,EST,2009,10.8439,404.149,1129,2.405,0.0001,0.195,0.032,0.314
306,1938,Estonia,EST,2010,14.2596,788.227,1130,3.824,0.0001,0.277,0.027,0.742
307,1939,Estonia,EST,2011,14.3789,888.754,1131,4.161,0.0002,0.368,0.03,0.783
308,1940,Estonia,EST,2012,13.4876,1110.974,1132,5.097,0.0003,0.434,0.042,1.001
309,1941,Estonia,EST,2013,14.9635,932.477,1133,4.058,0.0014,0.529,0.026,0.667
310,1942,Estonia,EST,2014,14.3475,1056.012,1134,4.646,0.0031,0.604,0.0267,0.74
311,1943,Estonia,EST,2015,12.0574,1186.014,1135,5.496,0.0059,0.7151,0.027,0.779
312,1944,Estonia,EST,2016,13.3439,1207.741,1136,5.419,0.009677,0.594,0.035,0.885
313,1945,Estonia,EST,2017,14.2403,1409.743,1137,7.817,0.014492,0.723,0.026,1.683898
314,1946,Estonia,EST,2018,13.5644,1504.256,1138,5.912,0.030802,0.636,0.015,1.242
315,1947,Estonia,EST,2019,9.3391,1614.304,1139,8.712,0.116448942,0.687,0.019,1.296
316,1948,Estonia,EST,2020,7.8795,2140.91,1140,11.112,0.125815067,0.82328179,0.038415301,1.344075622
317,1991,Europe,EUR,1985,10.9836,887.629,1161,6.027,0.001010101,0.0574,502.9945407,10.96141274
318,1992,Europe,EUR,1986,10.9575,863.6,1162,5.756,0.001010101,0.1336,486.0931835,13.01880956
319,1994,Europe,EUR,1988,10.9518,941.298,1164,6.503,0.001010101,0.3297,567.4690014,13.6780998
320,1995,Europe,EUR,1989,10.8679,853.484,1165,5.701,0.009090909,0.5154,493.8059307,13.53727589
321,1996,Europe,EUR,1990,11.1122,905.242,1166,5.802,0.0125,0.779460415,502.4571504,18.95285263
322,1997,Europe,EUR,1991,10.6661,915.786,1167,6.004,0.0155,0.980027988,513.0917745,19.549433
323,1998,Europe,EUR,1992,9.7653,944.008,1168,6.421,0.027088,1.53504808,529.6566497,20.709603
324,1999,Europe,EUR,1993,9.3531,968.545,1169,6.816,0.032383,2.284826092,550.4667647,22.879095
325,2000,Europe,EUR,1994,8.849,985.822,1170,7.07,0.0376885,2.979235703,557.1966285,24.01789971
326,2001,Europe,EUR,1995,8.8176,996.285,1171,7.062,0.04684,3.863029201,564.8899094,26.49863146
327,2002,Europe,EUR,1996,8.8846,937.104,1172,6.717,0.053811411,4.828585245,548.0862941,26.68019984
328,2003,Europe,EUR,1997,8.6052,975.088,1173,7.058,0.063926244,7.295492956,567.678972,31.66351939
329,2004,Europe,EUR,1998,8.5755,1020.243,1174,7.394,0.0870885,11.17647914,593.9041617,36.11504184
330,2005,Europe,EUR,1999,8.464,1046.004,1175,7.55,0.091198056,14.24432177,598.1808529,38.09960017
331,2006,Europe,EUR,2000,8.4676,1101.123,1176,7.841,0.13447325,22.4547142,617.66352,42.3312483
332,2007,Europe,EUR,2001,8.6396,1130.468,1177,7.729,0.1702025,26.93428666,612.0409616,44.95466864
333,2008,Europe,EUR,2002,8.5859,1053.663,1178,7.354,0.276755006,36.42594931,563.9424434,50.65633618
334,2009,Europe,EUR,2003,8.7769,1020.353,1179,6.987,0.468697744,44.53115229,529.5685025,57.9809708
335,2010,Europe,EUR,2004,8.8074,1122.082,1180,7.578,0.751097873,59.29678686,570.1533941,68.80114151
336,2011,Europe,EUR,2005,8.7814,1162.439,1181,7.806,1.486383246,71.09674937,571.7251909,78.67317876
337,2012,Europe,EUR,2006,8.9017,1174.079,1182,7.916,2.524087814,83.16413988,561.9088764,89.27725775
338,2013,Europe,EUR,2007,8.8135,1235.013,1183,8.405,3.815704819,105.7131938,563.9636046,99.46983003
339,2014,Europe,EUR,2008,8.6965,1298.447,1184,9.132,7.501071132,121.3539015,593.0331391,110.0447411
340,2015,Europe,EUR,2009,7.9806,1342.334,1185,10.041,14.19283506,135.3832286,589.7448745,120.7465527
341,2016,Europe,EUR,2010,8.2728,1442.332,1186,10.822,23.26343602,153.4434969,649.8001668,136.8909383
342,2017,Europe,EUR,2011,8.1552,1419.718,1187,10.896,46.71354931,186.6574032,569.648632,146.1651356
343,2018,Europe,EUR,2012,8.0705,1576.795,1188,12.293,71.86993816,215.0324051,625.9225576,162.9488716
344,2019,Europe,EUR,2013,7.8447,1715.532,1189,13.318,86.9351168,248.1152558,661.7647115,174.1599448
345,2020,Europe,EUR,2014,7.5271,1759.862,1190,14.069,98.83569401,264.81502,644.059181,186.0253069
346,2021,Europe,EUR,2015,7.5207,1797.715,1191,14.644,109.7895377,318.93123,636.0122862,198.8159819
347,2022,Europe,EUR,2016,7.5029,1847.375,1192,14.685,113.8307704,322.8678763,651.0461652,203.523064
348,2023,Europe,EUR,2017,7.5315,1864.286,1193,14.652,124.2626449,384.2165214,584.3196897,211.2576334
349,2024,Europe,EUR,2018,7.4849,1987.136,1194,15.703,138.5482445,403.2175948,646.6667574,218.1569327
350,2025,Europe,EUR,2019,7.2595,2035.727,1195,16.577,152.7537127,460.0298128,627.934014,227.1704194
351,2026,Europe,EUR,2020,6.6081,2200.968,1196,19.132,178.8538857,510.138071,655.3401697,232.0163834
352,4657,North Macedonia,MKD,2015,3.3779,976.274,2618,17.611,0.0226,0.120767,1.865193,0.020219
353,4658,North Macedonia,MKD,2016,3.358,994.836,2619,17.188,0.0237,0.109483,1.897345,0.036033
354,4659,North Macedonia,MKD,2017,3.6042,619.598,2620,11.098,0.023751,0.11048,1.110279,0.051551
355,4660,North Macedonia,MKD,2018,3.3721,940.97,2621,16.813,0.022788,0.097338,1.791368,0.05405
356,4661,North Macedonia,MKD,2019,3.8276,643.162,2622,10.806,0.023227,0.101806,1.163674,0.055103
357,4662,North Macedonia,MKD,2020,3.4302,710.384,2623,12.859,0.023537,0.116885,1.277143,0.057298
358,4698,Norway,NOR,2000,9.3726,31584.387,2659,71.128,0.0053,0.030199,141.818,0.256
359,4699,Norway,NOR,2001,9.6254,26693.851,2660,66.194,0.0053,0.028758,120.463,0.255
360,4700,Norway,NOR,2002,9.3759,28530.47,2661,67.96,0.0053,0.038903,129.372,0.25
361,4701,Norway,NOR,2003,9.6304,23200.826,2662,62.353,0.0062,0.219796,105.48,0.33
362,4702,Norway,NOR,2004,9.6466,23789.692,2663,62.782,0.0062,0.259519,108.781,0.359
363,4703,Norway,NOR,2005,9.365,29470.946,2664,68.394,0.0062,0.50703,135.688,0.333
364,4704,Norway,NOR,2006,9.4098,25765.11,2665,65.324,0.0071,0.636,119.369,0.388
365,4705,Norway,NOR,2007,9.6864,28592.6,2666,67.885,0.0071,0.892,133.656,0.386
366,4706,Norway,NOR,2008,9.3978,29417.227,2667,68.555,0.0074,0.913,139.044,0.397
367,4707,Norway,NOR,2009,8.964,26205.513,2668,66.403,0.0077,0.977,125.283,0.227
368,4708,Norway,NOR,2010,9.3529,24145.097,2669,64.033,0.0081,0.879,116.75,0.344
369,4709,Norway,NOR,2011,9.057,24634.549,2670,64.879,0.0085,1.283,120.291,0.339
370,4710,Norway,NOR,2012,8.8441,28641.431,2671,68.762,0.0089,1.548,141.738,0.326
371,4711,Norway,NOR,2013,8.7881,25675.958,2672,66.111,0.0098,1.881,128.154,0.396
372,4712,Norway,NOR,2014,8.7662,26824.734,2673,67.525,0.0116,2.217,135.439,0.258
373,4713,Norway,NOR,2015,8.7726,26937.435,2674,67.335,0.0134,2.515,137.302,0.256
374,4714,Norway,NOR,2016,8.5318,27644.521,2675,68.485,0.0238,2.115742,142.418,0.233
375,4715,Norway,NOR,2017,8.3779,27468.108,2676,67.933,0.039961,2.854,141.955,0.21
376,4716,Norway,NOR,2018,8.3307,26766.78,2677,67.347,0.060876,3.877,138.991268,0.204168
377,4717,Norway,NOR,2019,7.9692,24414.1,2678,65.693,0.106799999,5.525,125.146,0.253005
378,4718,Norway,NOR,2020,7.615,27873.687,2679,69.615,0.135012997,9.890451282,140.9722937,0.259741601
379,4846,Pakistan,PAK,2015,0.8487,184.077,2786,10.566,0.367668,0.598593984,32.77947065,0.079676066
380,4847,Pakistan,PAK,2016,1.0166,175.169,2787,10.498,0.853702,0.91811907,34.57764217,0.532255717
381,4848,Pakistan,PAK,2017,1.1254,154.108,2788,9.175,1.314321,1.762901793,30.20406701,1.075314734
382,4849,Pakistan,PAK,2018,1.1229,199.691,2789,8.973,1.545411,2.83179,29.4798025,1.030378333
383,4850,Pakistan,PAK,2019,1.0818,188.858,2790,10.574,1.623248309,3.148244731,36.30380342,0.618053231
384,4851,Pakistan,PAK,2020,1.0628,194.937,2791,11.589,1.677748536,2.732134282,40.28748438,0.634279336
385,4983,Peru,PER,2012,1.8315,728.646,2839,22.772,0.0597,0.0012,22.0319,0.668
386,4984,Peru,PER,2013,1.4463,765.097,2840,22.902,0.1969,0.0012,22.3196,0.96
387,4985,Peru,PER,2014,1.6428,762.038,2841,22.655,0.1993,0.2575,22.2107,1.291
388,4986,Peru,PER,2015,1.6103,813.239,2842,22.788,0.230255343,0.594374131,23.68706283,0.907
389,4987,Peru,PER,2016,1.7047,830.692,2843,21.403,0.241818781,1.054114626,23.826156,0.556
390,4988,Peru,PER,2017,1.7085,973.149,2844,24.979,0.287200343,1.073432268,29.0745135,0.471434
391,4989,Peru,PER,2018,1.7084,1036.91,2845,25.455,0.74540054,1.502438168,30.737,0.418896
392,4990,Peru,PER,2019,1.6911,1051.354,2846,25.868,0.763,1.655,31.462,0.52998
393,4991,Peru,PER,2020,1.3559,975.984,2847,30.094,0.778,1.804,30.507,0.694229595
394,5032,Philippines,PHL,2005,0.8488,211.407,2888,15.773,0.001517,0.017469,8.386773,9.902443
395,5033,Philippines,PHL,2006,0.7569,231.998,2889,18.061,0.001376,0.053235,9.939413,10.465279
396,5034,Philippines,PHL,2007,0.7915,210.278,2890,15.883,0.001309,0.057842,8.563433,10.214688
397,5035,Philippines,PHL,2008,0.8504,226.178,2891,16.73,0.001304,0.061386,9.842534,10.72278
398,5036,Philippines,PHL,2009,0.8277,219.23,2892,16.108,0.001252,0.064428,9.787567,10.337557
399,5037,Philippines,PHL,2010,0.8828,193.153,2893,13.707,0.001254,0.061717,7.803405,9.956422
400,5038,Philippines,PHL,2011,0.8762,210.003,2894,14.879,0.001212,0.088204,9.697532,10.057604
401,5039,Philippines,PHL,2012,0.9094,216.33,2895,14.99,0.00132,0.075339,10.252134,10.432809
402,5040,Philippines,PHL,2013,0.9689,203.699,2896,13.323,0.001414,0.065655,10.019308,9.816571
403,5041,Philippines,PHL,2014,1.0067,200.471,2897,12.529,0.016517,0.152052,9.137273,10.503812
404,5042,Philippines,PHL,2015,1.0982,210.747,2898,12.024,0.138534,0.748414,8.665078,11.41115
405,5043,Philippines,PHL,2016,1.1792,215.022,2899,11.475,1.097016,0.975219,8.110915,11.796309
406,5044,Philippines,PHL,2017,1.2827,221.255,2900,10.972,1.201152,1.093558,9.610799,11.283225
407,5045,Philippines,PHL,2018,1.3189,221.563,2901,10.674,1.249116398,1.152923041,9.383758226,11.54012741
408,5046,Philippines,PHL,2019,1.3561,209.404,2902,9.752,1.246082,1.04166,8.025492,11.731147
409,5047,Philippines,PHL,2020,1.2413,208.065,2903,10.516,1.372604,1.02645,7.192019,12.017831
410,5094,Poland,POL,2011,8.7316,342.938,2950,3.591,0.0002,3.205,2.332,7.6008
411,5095,Poland,POL,2012,8.5464,441.572,2951,4.613,0.0011,4.747,2.037,10.0943
412,5096,Poland,POL,2013,8.4547,447.088,2952,4.599,0.0015,6.004,2.439,8.6221
413,5097,Poland,POL,2014,8.1457,521.119,2953,5.362,0.007,7.678,2.183,9.977
414,5098,Poland,POL,2015,8.2405,596.57,2954,5.839,0.057,10.858,1.832,9.739
415,5099,Poland,POL,2016,8.5377,600.433,2955,5.415,0.124,12.588,2.139,7.957
416,5100,Poland,POL,2017,8.8974,635.783,2956,5.617,0.165,14.909,2.56,6.488
417,5101,Poland,POL,2018,8.8866,570.124,2957,5.304,0.3,12.799,1.97,6.548
418,5102,Poland,POL,2019,8.4334,671.985,2958,6.33,0.710673,15.106759,1.954,7.682984
419,5103,Poland,POL,2020,7.916,745.906,2959,7.107,1.99,15.726,2.115,7.898
420,5128,Portugal,PRT,1989,4.1273,655.356,2984,9.274,0.001010101,0.001,5.819,0.661
421,5135,Portugal,PRT,1996,5.1152,1557.132,2991,17.706,0.001,0.021,14.761,1.008
422,5136,Portugal,PRT,1997,5.3772,1398.586,2992,15.711,0.001,0.038,13.105,1.087
423,5137,Portugal,PRT,1998,5.8026,1385.347,2993,14.309,0.0008,0.089,12.983,1.0796
424,5138,Portugal,PRT,1999,6.5246,840.606,2994,8.518,0.0011,0.123,7.286,1.2381
425,5139,Portugal,PRT,2000,6.3802,1249.864,2995,12.295,0.0014,0.168,11.323,1.376
426,5140,Portugal,PRT,2001,6.3109,1522.029,2996,14.75,0.0016,0.256,14.034,1.45
427,5141,Portugal,PRT,2002,6.7157,936.839,2997,9.099,0.0018,0.362,7.8,1.569
428,5142,Portugal,PRT,2003,6.1991,1697.09,2998,16.086,0.0026,0.496,15.723,1.484
429,5143,Portugal,PRT,2004,6.4459,1175.636,2999,11.308,0.0029,0.816,9.869,1.631
430,5144,Portugal,PRT,2005,6.634,785.079,3000,7.504,0.0038,1.773,4.731,1.722
431,5145,Portugal,PRT,2006,6.1584,1491.06,3001,14.623,0.005,2.925,10.919,1.789
432,5146,Portugal,PRT,2007,5.9062,1533.129,3002,15.163,0.024,4.037,10.027,2.083
433,5147,Portugal,PRT,2008,5.6745,1381.743,3003,14.195,0.041,5.757,6.799,2.044
434,5148,Portugal,PRT,2009,5.3964,1724.81,3004,17.738,0.16,7.577,8.285,2.271
435,5149,Portugal,PRT,2010,5.0034,2675.524,3005,25.977,0.215,9.182,16.148,2.811
436,5150,Portugal,PRT,2011,4.9023,2281.116,3006,23.118,0.282,9.162,11.536,3.133
437,5151,Portugal,PRT,2012,4.748,1840.151,3007,20.343,0.393,10.26,5.622,3.097
438,5152,Portugal,PRT,2013,4.6005,2813.896,3008,27.549,0.479139885,12.01460111,13.73,3.247583434
439,5153,Portugal,PRT,2014,4.6037,3030.267,3009,28.701,0.627316615,12.11138423,15.569,3.25438015
440,5154,Portugal,PRT,2015,5.0432,2350.423,3010,23.001,0.796154916,11.60763787,8.660506278,3.307567386
441,5155,Portugal,PRT,2016,4.8867,3128.166,3011,27.694,0.822,12.474,15.723,3.242
442,5156,Portugal,PRT,2017,5.3682,2194.678,3012,20.028,0.992,12.248,5.897,3.437
443,5157,Portugal,PRT,2018,5.0206,2867.536,3013,25.344,1.005,12.617,12.393,3.386
444,5158,Portugal,PRT,2019,4.6576,2680.376,3014,24.829,1.343,13.667,8.818,3.577
445,5159,Portugal,PRT,2020,3.9609,2952.914,3015,30.199,1.695,12.364,12.439,4.034
446,5281,Romania,ROU,2009,3.9517,753.465,3116,10.409,0.001010101,0.009,15.534,0.01
447,5282,Romania,ROU,2010,3.8073,991.605,3117,13.407,0.002020202,0.306,19.883,0.111
448,5283,Romania,ROU,2011,4.2311,802.489,3118,10.433,0.001,1.387,14.728,0.198
449,5284,Romania,ROU,2012,4.1469,738.105,3119,9.864,0.008,2.64,12.066,0.212
450,5285,Romania,ROU,2013,3.7128,1000.855,3120,14.113,0.42,4.52,14.7935,0.252
451,5286,Romania,ROU,2014,3.7729,1353.568,3121,16.975,1.2953,4.7236,18.5235,0.505
452,5287,Romania,ROU,2015,3.8324,1314.417,3122,17.569,1.982,7.063,16.633,0.524
453,5288,Romania,ROU,2016,3.7458,1362.377,3123,17.975,1.82,6.59,18.028,0.531
454,5289,Romania,ROU,2017,3.9281,1235.883,3124,15.801,1.856,7.407,14.494,0.525168
455,5290,Romania,ROU,2018,3.9787,1342.656,3125,16.634,1.771,6.322,17.6639,0.43713
456,5291,Romania,ROU,2019,3.8651,1271.911,3126,15.962,1.778,6.773,15.580921,0.504144
457,5292,Romania,ROU,2020,3.7154,1279.26,3127,16.228,1.703,6.955,15.08738564,0.575069202
