Entity,Code,Year,Annual CO2 emissions (per capita),Renewables (% sub energy),Solar Generation - TWh,Wind Generation - TWh,Hydro Generation - TWh,Geo Biomass Other - TWh
Africa,AFR,2000,1.0936,6.759,0.011941,0.1755,75.24581662,2.269063158
Africa,AFR,2001,1.0645,6.982,0.01496,0.41558,80.86411472,2.335352632
Africa,AFR,2002,1.0489,7.219,0.01787101,0.443584,85.18146813,2.2864
Africa,AFR,2003,1.1094,6.703,0.02132901,0.535599,82.87260146,2.6224
Africa,AFR,2004,1.1603,6.612,0.02576101,0.768280505,87.40546926,2.978849535
Africa,AFR,2005,1.1547,6.622,0.03067601,0.780382111,89.06573418,3.009669408
Africa,AFR,2006,1.1613,6.745,0.03895701,0.852565606,92.24435301,3.770404784
Africa,AFR,2007,1.1763,6.658,0.051533293,1.016223364,95.34056181,3.142048288
Africa,AFR,2008,1.1968,6.375,0.073232202,1.311778131,97.15720925,3.267395686
Africa,AFR,2009,1.1762,6.413,0.096152927,1.589230939,99.7611369,3.56272219
Africa,AFR,2010,1.1725,6.681,0.21252075,2.284582434,107.4268326,3.825406558
Africa,AFR,2011,1.1809,6.836,0.601454301,2.386503939,110.444821,3.929656611
Africa,AFR,2012,1.1456,6.62,0.994443126,2.51563024,110.9523002,4.085024546
Africa,AFR,2013,1.1227,6.827,0.78891014,3.593447303,117.6388464,4.4308941
Africa,AFR,2014,1.1837,7.042,1.93770017,5.060072834,123.7267948,5.521055906
Africa,AFR,2015,1.1191,7.053,3.592173384,8.910686283,120.1678361,7.191202122
Africa,AFR,2016,1.1189,6.843,5.12019689,11.17637067,116.7188052,7.281251193
Africa,AFR,2017,1.1131,7.239,6.902446607,12.4577741,125.8165222,7.653766329
Africa,AFR,2018,1.0865,7.554,8.295433824,14.77072335,133.140498,8.097891299
Africa,AFR,2019,1.0772,7.874,10.90690156,18.85772913,137.2155108,8.22808243
Africa,AFR,2020,0.9896,8.849,12.40778213,21.78984307,142.5749961,8.068135119
Argentina,ARG,1998,3.8668,13.056,1.70E-05,0.032541,32.42178788,0.463881203
Argentina,ARG,1999,4.0388,10.695,2.60E-05,0.034781,26.53007071,0.650455143
Argentina,ARG,2000,3.861,13.611,3.60E-05,0.034758,34.0340101,0.67501431
Argentina,ARG,2001,3.5949,17.005,4.30E-05,0.049361,41.90326263,0.60932585
Argentina,ARG,2002,3.3011,17.506,4.70E-05,0.073405,41.46705051,0.850248638
Argentina,ARG,2003,3.5347,15.428,6.50E-05,0.077954,39.08008081,1.014079858
Argentina,ARG,2004,4.0799,13.093,7.00E-05,0.072446,35.40287879,0.90029509
Argentina,ARG,2005,4.1507,13.65,8.10E-05,0.071719665,39.35009091,1.074072901
Argentina,ARG,2006,4.4441,14.413,9.00E-05,0.06964,43.624,1.567410315
Argentina,ARG,2007,4.3908,11.898,0.0001089,0.061593,37.741,1.575708696
Argentina,ARG,2008,4.6932,11.564,0.0001437,0.041951078,37.199,1.693536384
Argentina,ARG,2009,4.4204,12.918,7.61E-05,0.036831529,40.783,1.728756162
Argentina,ARG,2010,4.5661,13.02,8.59E-05,0.025351606,40.543,2.01325481
Argentina,ARG,2011,4.6048,12.648,0.001614,0.02659055,39.641,2.190205828
Argentina,ARG,2012,4.5914,11.765,0.008172967,0.369861999,36.876,2.45382161
Argentina,ARG,2013,4.506,12.378,0.015074079,0.453354876,40.7,2.45735005
Argentina,ARG,2014,4.4247,12.577,0.015944,0.619491,40.864,2.302025252
Argentina,ARG,2015,4.4667,12.636,0.014683,0.593334963,41.7709,2.378258598
Argentina,ARG,2016,4.3894,11.753,0.014273,0.547359,38.25439327,1.963408643
Argentina,ARG,2017,4.2744,12.834,0.016417,0.611567,41.54297858,2.383654508
Argentina,ARG,2018,4.0824,12.643,0.10813,1.412743,41.64786518,0.473010421
Argentina,ARG,2019,3.7419,13.38,0.799697913,4.995966424,37.06678706,0.622944562
Argentina,ARG,2020,3.4733,12.886,1.344340935,9.470297617,30.54359219,0.413941191
Australia,AUS,1993,16.5495,4.471,0.0146,0.002,16.387,0.67
Australia,AUS,1994,16.8601,4.251,0.0174,0.0055,16.15,0.6965
Australia,AUS,1995,17.1189,3.978,0.02115,0.007,15.631,0.8255
Australia,AUS,1996,17.3911,3.973,0.0256,0.007,15.9685,0.9465
Australia,AUS,1997,17.7901,3.887,0.03065,0.0075,15.9525,0.997
Australia,AUS,1998,18.2222,3.784,0.0356,0.018,15.798,1.081
Australia,AUS,1999,18.4477,3.757,0.0406,0.043,16.2815,1.1335
Australia,AUS,2000,18.5252,3.788,0.04675,0.134,16.4665,0.8895
Australia,AUS,2001,18.7789,3.686,0.05415,0.287,16.1235,0.7975
Australia,AUS,2002,18.922,3.734,0.0583,0.53355,16.095,1.2668
Australia,AUS,2003,19.0191,3.798,0.0632,0.70405,16.21055,1.6918
Australia,AUS,2004,19.4554,3.782,0.07295,0.795,15.68665,2.81525
Australia,AUS,2005,19.2086,4.01,0.08405,1.29905,15.4657,3.871
Australia,AUS,2006,19.3554,3.918,0.0975,2.1621,14.9451,3.9325
Australia,AUS,2007,19.2159,3.689,0.11375,2.8521,13.04895,4.275
Australia,AUS,2008,19.2034,3.437,0.1392,3.45845,11.81515,3.6961
Australia,AUS,2009,18.4508,3.653,0.29024203,4.43775,12.64205,2.7868
Australia,AUS,2010,18.2595,4.051,0.97764828,4.985,13.746,2.44155
Australia,AUS,2011,17.9849,5.384,2.04454657,6.432,19.572,2.57395
Australia,AUS,2012,17.5806,5.353,2.412,7.725,17.036,3.09785
Australia,AUS,2013,16.907,6.174,3.8474,9.259,19.089,3.33165
Australia,AUS,2014,16.9201,5.65,4.952,9.777,14.484,3.546362
Australia,AUS,2015,16.8507,5.914,6.195524404,11.83300209,14.08659847,3.678061995
Australia,AUS,2016,17.1434,6.778,7.439775697,13.03970488,17.6294521,3.627512928
Australia,AUS,2017,16.8704,6.352,8.91755657,13.21079043,13.49974762,3.561683859
Australia,AUS,2018,16.7081,7.883,12.33254445,16.26195432,17.33836109,3.58814896
Australia,AUS,2019,16.447,8.491,18.2969867,19.47168808,14.1138688,3.467726188
Australia,AUS,2020,15.3684,10.374,23.84266127,22.6068918,14.5346444,3.410424136
Austria,AUT,1995,8.0113,30.104,0.001,0.001,37.067222,1.857221
Austria,AUT,1996,8.4007,27.613,0.001,0.005,34.216111,1.589444
Austria,AUT,1997,8.3721,28.597,0.002,0.02,36.105278,1.711389
Austria,AUT,1998,8.3182,29.059,0.002,0.045,37.163333,1.842777
Austria,AUT,1999,8.1529,30.845,0.002,0.051,40.6991208,1.596911819
Austria,AUT,2000,8.1964,31.53,0.003,0.067,41.83565055,1.52827932
Austria,AUT,2001,8.6615,29.432,0.005,0.172,40.45548165,1.667812
Austria,AUT,2002,8.8443,28.954,0.009,0.203,40.22700281,1.520444
Austria,AUT,2003,9.4731,23.897,0.015,0.366,33.21499204,1.711921
Austria,AUT,2004,9.4523,26.296,0.018,0.924,36.762283,2.05973
Austria,AUT,2005,9.5797,26.583,0.021018375,1.331276757,37.09513834,2.437154339
Austria,AUT,2006,9.269,27.174,0.022386875,1.752792984,35.65608477,3.237502556
Austria,AUT,2007,8.9126,29.45,0.024238375,2.037184927,37.05445286,4.061606911
Austria,AUT,2008,8.808,29.866,0.03011991,2.011257409,38.32949104,4.302304141
Austria,AUT,2009,8.037,32.71,0.04891428,1.954040168,40.89630336,4.277982167
Austria,AUT,2010,8.5613,30.016,0.08881314,2.063913736,38.36341829,4.463430081
Austria,AUT,2011,8.2674,29.106,0.17406996,1.93623636,34.23908351,4.516752009
Austria,AUT,2012,7.9113,34.186,0.33748305,2.462029019,43.80410469,4.608036501
Austria,AUT,2013,7.9192,33.523,0.625974,3.153231562,42.0465273,4.584281709
Austria,AUT,2014,7.4474,34.823,0.785246,3.845768035,41.01025937,4.336296196
Austria,AUT,2015,7.6454,33.145,0.937098,4.840343102,37.05552838,4.503546527
Austria,AUT,2016,7.6841,33.814,1.096016,5.234838273,39.84471615,4.691227039
Austria,AUT,2017,7.8911,32.744,1.268971,6.571511136,38.293433,4.920933436
Austria,AUT,2018,7.4865,32.79,1.455132,6.030429449,37.637911,4.930195781
Austria,AUT,2019,7.5892,33.779,1.702093,7.477363299,40.455346,4.745310238
Austria,AUT,2020,6.7324,36.392,1.590574729,6.794140175,40.95375978,5.253975479
Azerbaijan,AZE,2013,3.752,2.601,0.0008,0.0008,1.4891,0.067
Azerbaijan,AZE,2014,3.8898,2.265,0.0029,0.0023,1.2997,0.087
Azerbaijan,AZE,2015,3.8439,2.571,0.0046,0.0046,1.6375,0.0909
Azerbaijan,AZE,2016,3.8059,3.125,0.0353,0.0228,1.9593,0.08725
Azerbaijan,AZE,2017,3.7307,2.845,0.0372,0.0221,1.7464,0.08515
Azerbaijan,AZE,2018,3.7034,2.866,0.03926,0.0827,1.768,0.0811
Azerbaijan,AZE,2019,3.8541,2.492,0.0442,0.1054,1.5648,0.09795
Azerbaijan,AZE,2020,3.7203,1.869,0.0472,0.0951,1.068,0.098218356
Bangladesh,BGD,2009,0.3368,0.481,0.0251,0.0051,0.417,0.001
Bangladesh,BGD,2010,0.3659,0.813,0.0443,0.0051,0.729,0.002
Bangladesh,BGD,2011,0.3789,0.894,0.0584,0.0051,0.872,0.003
Bangladesh,BGD,2012,0.4019,0.775,0.0909,0.0051,0.777,0.004
Bangladesh,BGD,2013,0.4044,0.74,0.129563,0.005081,0.728378728,0.004993
Bangladesh,BGD,2014,0.427,0.606,0.166947,0.005081,0.566453438,0.006015
Bangladesh,BGD,2015,0.469,0.769,0.198389,0.005081,0.898146455,0.002682
Bangladesh,BGD,2016,0.4841,0.757,0.219999,0.005081,0.884632595,0.002877
Bangladesh,BGD,2017,0.5069,0.841,0.253361,0.005081,1.029528088,0.002877
Bangladesh,BGD,2018,0.5118,0.701,0.275068,0.005081,0.865411112,0.002877
Bangladesh,BGD,2019,0.5778,0.642,0.349231785,0.005081,0.823091189,0.002877
Bangladesh,BGD,2020,0.5637,0.626,0.412784892,0.005081,0.700670737,0.003035367
Belarus,BLR,2013,6.7106,0.204,0.0004,0.008,0.138,0.082
Belarus,BLR,2014,6.6381,0.181,0.002,0.009,0.121,0.079
Belarus,BLR,2015,6.1484,0.238,0.009,0.039,0.111,0.094
Belarus,BLR,2016,6.3364,0.315,0.026,0.073,0.142,0.094
Belarus,BLR,2017,6.3613,0.639,0.089,0.097,0.406,0.106
Belarus,BLR,2018,6.4492,0.544,0.118,0.099,0.324,0.109
Belarus,BLR,2019,6.4558,0.682,0.179,0.166,0.351,0.11
Belarus,BLR,2020,6.0793,0.752,0.181743295,0.183883978,0.353340883,0.11206379
Belgium,BEL,2004,12.2881,0.532,0.001,0.142,0.317,1.037
Belgium,BEL,2005,11.9126,0.753,0.001,0.227,0.288,1.59
Belgium,BEL,2006,11.6657,1.046,0.002,0.366,0.359,2.225
Belgium,BEL,2007,11.2623,1.22,0.006,0.491,0.389,2.6
Belgium,BEL,2008,11.1498,1.512,0.042,0.637,0.41,3.329
Belgium,BEL,2009,9.9183,2.193,0.166,0.996,0.328,3.949
Belgium,BEL,2010,10.4714,2.745,0.56,1.292,0.312,4.330428
Belgium,BEL,2011,9.5358,3.601,1.169,2.312,0.196,4.699934
Belgium,BEL,2012,9.2361,4.512,2.148,2.751,0.357,5.202093
Belgium,BEL,2013,9.2032,4.805,2.644,3.665,0.38,4.98362
Belgium,BEL,2014,8.6325,5.498,2.8862,4.6153,0.2952,4.4732
Belgium,BEL,2015,8.9525,5.976,3.0563,5.574,0.3184,5.5637
Belgium,BEL,2016,8.7959,5.744,3.0952,5.4377,0.37,5.4499
Belgium,BEL,2017,8.7084,6.233,3.3076,6.5137,0.2701,5.777
Belgium,BEL,2018,8.7289,6.684,3.9029,7.4647,0.3135,5.4708
Belgium,BEL,2019,8.644,7.254,4.247,9.7256,0.302,5.2409
Belgium,BEL,2020,7.2262,10.745,5.137378997,13.03086657,0.281926695,5.331659266
Brazil,BRA,2012,2.5005,40.513,0.00098,5.05,415.3421755,35.76567086
Brazil,BRA,2013,2.6484,38.212,0.004793593,6.575862737,390.992014,40.97184609
Brazil,BRA,2014,2.7515,37.224,0.016081802,12.21025167,373.4390605,47.07918279
Brazil,BRA,2015,2.5889,38.448,0.058917412,21.62570216,359.7428082,49.88032083
Brazil,BRA,2016,2.3901,41.315,0.085260592,33.488872,380.9109424,51.33469956
Brazil,BRA,2017,2.4094,40.973,0.831813401,42.37325825,370.9064564,52.91210534
Brazil,BRA,2018,2.3091,43.544,3.461434834,48.47514121,388.9710759,54.38223437
Brazil,BRA,2019,2.3018,44.543,6.654579083,55.98562168,397.8770566,54.92087661
Brazil,BRA,2020,2.1988,46.054,7.958688663,57.01361507,396.7985,55.36807301
Bulgaria,BGR,2009,6.1303,4.851,0.003,0.237,3.47,0.008
Bulgaria,BGR,2010,6.4459,7.211,0.015,0.681,5.057,0.035
Bulgaria,BGR,2011,7.2068,4.578,0.101,0.861,2.917,0.056
Bulgaria,BGR,2012,6.5913,6.495,0.814,1.221,3.226,0.066
Bulgaria,BGR,2013,5.8546,9.078,1.361,1.374,4.08,0.111713
Bulgaria,BGR,2014,6.2406,9.015,1.252,1.331,4.605,0.200792
Bulgaria,BGR,2015,6.7052,10.004,1.383,1.452,5.661,0.270185
Bulgaria,BGR,2016,6.3622,8.509,1.386,1.425,3.942,0.353614
Bulgaria,BGR,2017,6.6994,7.134,1.402965,1.504064,2.828103,0.395981
Bulgaria,BGR,2018,6.1883,10.894,1.342775,1.318123,5.146578,1.5921
Bulgaria,BGR,2019,6.0317,9.037,1.4425,1.317,2.9658,1.8311
Bulgaria,BGR,2020,5.3888,10.157,1.497319069,1.47723988,2.951120825,1.964135979
Canada,CAN,1992,16.4227,29.226,0.002052632,0.059,315.1746545,4.465
Canada,CAN,1993,16.2531,29.171,0.002052632,0.059,322.213898,4.817
Canada,CAN,1994,16.5715,28.662,0.002052632,0.059,327.8555808,5.733
Canada,CAN,1995,16.8341,28.611,0.003842105,0.059,334.0597343,7.137865803
Canada,CAN,1996,17.211,29.574,0.005894737,0.062,354.5920747,7.5285148
Canada,CAN,1997,17.5265,28.985,0.006947368,0.062,348.6796212,8.16821952
Canada,CAN,1998,17.6199,28.023,0.010105263,0.062,330.8699253,8.987253723
Canada,CAN,1999,17.9434,28.3,0.013263158,0.162,345.0007828,8.943148172
Canada,CAN,2000,18.5218,28.474,0.016421053,0.264,356.7600778,8.917042302
Canada,CAN,2001,18.1037,26.941,0.019578947,0.329,331.5210293,9.672149201
Canada,CAN,2002,18.111,27.272,0.022736842,0.405,349.2746394,10.04610406
Canada,CAN,2003,18.4941,25.941,0.022789474,0.69,336.1393646,9.417294047
Canada,CAN,2004,18.254,25.599,0.014263158,0.945,338.3983606,9.804526316
Canada,CAN,2005,17.9035,26.943,0.018473684,1.552,361.9557495,9.154255789
Canada,CAN,2006,17.5618,26.332,0.022684211,2.448,352.8872859,8.937625263
Canada,CAN,2007,18.058,26.458,0.028947368,2.977206,367.6214596,8.990656842
Canada,CAN,2008,17.3788,27.273,0.035,3.788514141,377.4877303,7.978966316
Canada,CAN,2009,16.1977,27.862,0.109,6.641651515,368.6874051,8.942056842
Canada,CAN,2010,16.3644,26.491,0.255,8.724191919,351.384803,10.29755789
Canada,CAN,2011,16.4993,27.302,0.572,10.18857374,375.7237242,10.21378421
Canada,CAN,2012,16.301,27.651,0.881,11.31148788,380.2671364,10.91381895
Canada,CAN,2013,16.2537,27.624,1.499,11.14544343,391.7888717,11.03561053
Canada,CAN,2014,15.9981,26.847,2.12,12.8170697,382.5013788,9.795245263
Canada,CAN,2015,15.9066,27.471,2.895,26.96639091,382.1932566,9.987178947
Canada,CAN,2016,15.3799,28.22,4.032322222,30.93311717,385.4324253,11.35952316
Canada,CAN,2017,15.5004,28.163,3.573738384,31.51361515,394.5873848,6.56206
Canada,CAN,2018,15.6299,27.465,3.796969697,33.14446566,385.8939616,10.54160526
Canada,CAN,2019,15.5673,26.971,4.216972727,32.6596697,379.6689263,10.26202105
Canada,CAN,2020,14.1969,28.999,4.424325253,36.10247467,384.6719359,10.69488946
Chile,CHL,2012,4.5794,16.677,0.00034039,0.40838745,20.16202386,5.983173515
Chile,CHL,2013,4.6559,16.909,0.00675656,0.545075566,19.90721056,6.896006202
Chile,CHL,2014,4.3681,18.754,0.458712984,1.44312018,23.0450776,4.989873005
Chile,CHL,2015,4.5536,19.894,1.360100279,2.11464801,23.62150692,5.566129616
Chile,CHL,2016,4.6346,18.129,2.5502637,2.451839459,19.69072697,6.722216022
Chile,CHL,2017,4.5503,20.678,3.895948315,3.625559357,21.32573088,7.449310113
Chile,CHL,2018,4.5068,22.442,5.118720829,3.587894717,23.36676918,9.157251969
Chile,CHL,2019,4.5446,22.323,6.300226399,4.895221294,21.44032717,9.546549543
Chile,CHL,2020,4.2462,24.452,7.614843515,5.625540663,20.65732844,10.33838395
China,CHN,1990,2.1114,4.418,0.002,0.002020202,126.7439726,0.064
China,CHN,1991,2.1847,4.138,0.002,0.009090909,124.6889516,0.064
China,CHN,1992,2.263,4.124,0.003,0.131313131,130.6860774,0.113
China,CHN,1993,2.3971,4.451,0.004,0.212121212,151.8461646,0.117
China,CHN,1994,2.5203,4.637,0.005,0.383838384,167.428969,0.46
China,CHN,1995,2.706,5.192,0.007,0.616161616,190.58,3.014
China,CHN,1996,2.7989,4.818,0.009,0.093939394,187.97,1.533
China,CHN,1997,2.7814,5.025,0.011,0.197979798,195.98,2.722
China,CHN,1998,2.6419,5.089,0.014,0.355555556,198.89,2.48
China,CHN,1999,2.6144,4.865,0.017,0.473737374,196.58,2.52
China,CHN,2000,2.6649,5.313,0.022,0.58989899,222.41,2.537
China,CHN,2001,2.7056,6.22,0.031,0.719191919,277.43,2.554
China,CHN,2002,2.9622,5.901,0.048,0.837373737,287.97,2.546
China,CHN,2003,3.4555,4.983,0.064,0.996969697,283.68,2.536
China,CHN,2004,3.9482,5.266,0.076,1.277777778,353.544,2.528
China,CHN,2005,4.4159,5.219,0.084,1.946060606,397.017,5.322
China,CHN,2006,4.8481,5.238,0.095,3.711818182,435.786,7.133
China,CHN,2007,5.1847,5.367,0.114,5.479292929,485.264,9.863
China,CHN,2008,5.5386,6.828,0.152,13.1,636.96,14.866
China,CHN,2009,5.7939,6.507,0.279,27.61499783,615.644,20.85932
China,CHN,2010,6.295,7.146,0.701,49.39962,711.38314,24.90023
China,CHN,2011,6.9223,6.638,2.61,74.1,688.045,27.632
China,CHN,2012,7.0623,7.997,3.5945099,103.0499065,862.79411,30.133
China,CHN,2013,7.1506,8.394,8.3738865,138.2641332,909.6122734,37.133
China,CHN,2014,7.1353,9.568,23.51216,159.7627,1059.69167,46.26822
China,CHN,2015,7.0003,10.108,39.48057,185.59144,1114.51541,54.07029
China,CHN,2016,6.8742,10.795,66.52795,240.8605,1153.2675,62.134767
China,CHN,2017,6.9812,11.367,117.8,304.6,1165.065,79.59748421
China,CHN,2018,7.2077,12.024,176.9,365.8,1198.887,93.7238
China,CHN,2019,7.3163,12.74,224,405.3,1272.538,112.7238
China,CHN,2020,7.4117,13.429,261.1,466.5,1322.009109,135.5242
Colombia,COL,2004,1.2969,33.078,0.007951726,0.05199,38.330058,0.467
Colombia,COL,2005,1.4083,33.614,0.00953125,0.04948,39.220888,0.503
Colombia,COL,2018,1.7092,30.303,0.011999821,0.055437176,56.64701407,2.119029289
Colombia,COL,2019,1.7962,28.338,0.131226024,0.063324063,54.14455518,2.439808308
Colombia,COL,2020,1.7512,25.195,0.179402549,0.029023529,43.99338707,2.434662091
Croatia,HRV,2009,5.0236,18.668,1.65E-05,0.054,7.409,0.025
Croatia,HRV,2010,4.8564,22.724,1.65E-05,0.139,9.126,0.033
Croatia,HRV,2011,4.7882,14.652,1.65E-05,0.201,5.033,0.055
Croatia,HRV,2012,4.4435,15.637,0.002,0.329,4.837,0.094
Croatia,HRV,2013,4.3108,25.134,0.011293959,0.517,8.622,0.125
Croatia,HRV,2014,4.1551,26.817,0.035,0.73,9.007,0.165
Croatia,HRV,2015,4.2093,21.189,0.057,0.796,6.391,0.266
Croatia,HRV,2016,4.2967,22.58,0.066,1.014,6.853,0.431
Croatia,HRV,2017,4.475,19.055,0.0787,1.204,5.3074,0.5256
Croatia,HRV,2018,4.2581,25.263,0.0749,1.3354,7.7009,0.6701
Croatia,HRV,2019,4.3045,21.988,0.0831,1.4673,5.8261,0.9703
Croatia,HRV,2020,4.1366,23.25,0.084059115,1.732291574,5.667144228,1.068581799
Czechia,CZE,2004,12.5172,1.345,0.0001,0.0099,2.0191,0.580831
Czechia,CZE,2005,12.2516,1.586,6.80E-05,0.02128,2.37991,0.648312
Czechia,CZE,2006,12.2826,1.782,0.00017,0.049375,2.55073,0.912375
Czechia,CZE,2007,12.3878,1.73,0.001754,0.125098,2.079338,1.187319
Czechia,CZE,2008,11.7978,1.931,0.012937,0.244661,2.024335,1.456526
Czechia,CZE,2009,10.9875,2.501,0.088807,0.288067,2.42962,1.86202
Czechia,CZE,2010,11.1615,3.009,0.615702,0.335493,2.7894,2.146246
Czechia,CZE,2011,10.8993,3.825,2.118,0.3968,2.1341,2.705329
Czechia,CZE,2012,10.5175,4.256,2.1731,0.4173,2.2315,3.361419
Czechia,CZE,2013,10.0624,4.959,2.0702,0.4783,2.8564,3.995469
Czechia,CZE,2014,9.8285,4.918,2.1229,0.4765,1.9092,4.661073
Czechia,CZE,2015,9.8916,5.123,2.2638,0.5726,1.7948,4.791685
Czechia,CZE,2016,10.0468,5.147,2.131,0.497,2.0005,4.76655
Czechia,CZE,2017,10.113,5.021,2.193368,0.591038,1.8695,4.964567
Czechia,CZE,2018,9.9508,4.894,2.339677,0.60933,1.6274,4.826179
Czechia,CZE,2019,9.4312,5.262,2.2859,0.7,2.008,5.0306
Czechia,CZE,2020,8.215,5.872,2.2331,0.6991,2.1423,5.0917
Denmark,DNK,1996,14.2443,1.996,0.000161111,1.2269,0.0193,0.83218319
Denmark,DNK,1997,12.4014,3.103,0.000319444,1.9342,0.0192,0.975667404
Denmark,DNK,1998,11.5499,4.315,0.0004,2.8199,0.0273,1.078156976
Denmark,DNK,1999,11.018,4.966,0.000880556,3.029,0.0305,1.318908975
Denmark,DNK,2000,10.1647,6.581,0.0012,4.2412,0.0302,1.29960556
Denmark,DNK,2001,10.429,6.843,0.0012,4.306019444,0.0276,1.511559209
Denmark,DNK,2002,10.3369,7.92,0.001280556,4.876938889,0.0318,1.879121531
Denmark,DNK,2003,11.2543,8.694,0.001519444,5.560783333,0.0212,2.493351539
Denmark,DNK,2004,10.1941,10.781,0.001838889,6.583111111,0.0265,2.910754742
Denmark,DNK,2005,9.5001,11.447,0.002161111,6.614,0.0225,3.174249465
Denmark,DNK,2006,10.9158,9.678,0.002213889,6.107958333,0.0234,3.069949343
Denmark,DNK,2007,9.9921,11.369,0.002494444,7.1712,0.0282,3.105063804
Denmark,DNK,2008,9.3165,11.504,0.002622222,6.9278,0.0258,3.140571269
Denmark,DNK,2009,8.8333,12.123,0.00375,6.7205,0.0189,3.320257592
Denmark,DNK,2010,8.8518,14.174,0.006161111,7.809422222,0.020641667,4.593930556
Denmark,DNK,2011,7.9196,17.037,0.015130556,9.774183333,0.016869444,4.375025
Denmark,DNK,2012,7.1005,19.163,0.103861111,10.26993889,0.017475,4.446005556
Denmark,DNK,2013,7.4042,19.623,0.517541667,11.123275,0.013419444,4.313502778
Denmark,DNK,2014,6.6282,22.749,0.595516667,13.07850278,0.015102778,4.301852778
Denmark,DNK,2015,6.1884,24.699,0.604261111,14.13309167,0.018030556,4.200627778
Denmark,DNK,2016,6.4803,23.7,0.743780556,12.78173056,0.019272222,4.913772222
Denmark,DNK,2017,6.061,27.964,0.751486111,14.78,0.017872222,6.354777778
Denmark,DNK,2018,6.0277,26.832,0.952973,13.90195556,0.014861111,6.040580556
Denmark,DNK,2019,5.3531,30.68,0.963269444,16.14983333,0.017216667,6.163630556
Denmark,DNK,2020,4.5224,34.343,1.181313918,16.35334961,0.016561268,5.277787419
Ecuador,ECU,2007,2.3562,18.55,1.82E-05,0.000962135,9.03765528,0.218752751
Ecuador,ECU,2008,2.0345,21.545,2.67E-05,0.002682461,11.29333301,0.208324462
Ecuador,ECU,2009,2.2,17.949,7.88E-06,0.003204417,9.225407229,0.216519797
Ecuador,ECU,2011,2.4533,18.203,5.81E-05,0.00334467,11.13308825,0.27820037
Ecuador,ECU,2012,2.401,18.82,0.00032566,0.002398368,12.23772341,0.296353242
Ecuador,ECU,2013,2.506,16.451,0.003663607,0.056702975,11.03882457,0.29578793
Ecuador,ECU,2014,2.7086,16.332,0.016482696,0.079742467,11.45789563,0.399471183
Ecuador,ECU,2015,2.5141,18.603,0.036057927,0.098806317,13.09627001,0.407751048
Ecuador,ECU,2016,2.3955,22.43,0.038754818,0.08395875,15.83384201,0.489796491
Ecuador,ECU,2017,2.3399,27.015,0.03748,0.0734,20.08861,0.43085
Ecuador,ECU,2018,2.2195,26.149,0.038079324,0.080257771,20.67800187,0.427967651
Ecuador,ECU,2019,2.1157,30.388,0.16645228,0.085526937,24.66426354,0.454723448
Ecuador,ECU,2020,1.7532,35.111,0.166446255,0.085526937,24.76799493,0.484793657
Estonia,EST,2009,10.8439,2.405,0.0001,0.195,0.032,0.314
Estonia,EST,2010,14.2596,3.824,0.0001,0.277,0.027,0.742
Estonia,EST,2011,14.3789,4.161,0.0002,0.368,0.03,0.783
Estonia,EST,2012,13.4876,5.097,0.0003,0.434,0.042,1.001
Estonia,EST,2013,14.9635,4.058,0.0014,0.529,0.026,0.667
Estonia,EST,2014,14.3475,4.646,0.0031,0.604,0.0267,0.74
Estonia,EST,2015,12.0574,5.496,0.0059,0.7151,0.027,0.779
Estonia,EST,2016,13.3439,5.419,0.009677,0.594,0.035,0.885
Estonia,EST,2017,14.2403,7.817,0.014492,0.723,0.026,1.683898
Estonia,EST,2018,13.5644,5.912,0.030802,0.636,0.015,1.242
Estonia,EST,2019,9.3391,8.712,0.116448942,0.687,0.019,1.296
Estonia,EST,2020,7.8795,11.112,0.125815067,0.82328179,0.038415301,1.344075622
Europe,EUR,1984,10.5675,6.951,0.001010101,0.0382,485.1935345,10.51057781
Europe,EUR,1985,10.9836,6.027,0.001010101,0.0574,502.9945407,10.96141274
Europe,EUR,1986,10.9575,5.756,0.001010101,0.1336,486.0931835,13.01880956
Europe,EUR,1988,10.9518,6.503,0.001010101,0.3297,567.4690014,13.6780998
Europe,EUR,1989,10.8679,5.701,0.009090909,0.5154,493.8059307,13.53727589
Europe,EUR,1990,11.1122,5.802,0.0125,0.779460415,502.4571504,18.95285263
Europe,EUR,1991,10.6661,6.004,0.0155,0.980027988,513.0917745,19.549433
Europe,EUR,1992,9.7653,6.421,0.027088,1.53504808,529.6566497,20.709603
Europe,EUR,1993,9.3531,6.816,0.032383,2.284826092,550.4667647,22.879095
Europe,EUR,1994,8.849,7.07,0.0376885,2.979235703,557.1966285,24.01789971
Europe,EUR,1995,8.8176,7.062,0.04684,3.863029201,564.8899094,26.49863146
Europe,EUR,1996,8.8846,6.717,0.053811411,4.828585245,548.0862941,26.68019984
Europe,EUR,1997,8.6052,7.058,0.063926244,7.295492956,567.678972,31.66351939
Europe,EUR,1998,8.5755,7.394,0.0870885,11.17647914,593.9041617,36.11504184
Europe,EUR,1999,8.464,7.55,0.091198056,14.24432177,598.1808529,38.09960017
Europe,EUR,2000,8.4676,7.841,0.13447325,22.4547142,617.66352,42.3312483
Europe,EUR,2001,8.6396,7.729,0.1702025,26.93428666,612.0409616,44.95466864
Europe,EUR,2002,8.5859,7.354,0.276755006,36.42594931,563.9424434,50.65633618
Europe,EUR,2003,8.7769,6.987,0.468697744,44.53115229,529.5685025,57.9809708
Europe,EUR,2004,8.8074,7.578,0.751097873,59.29678686,570.1533941,68.80114151
Europe,EUR,2005,8.7814,7.806,1.486383246,71.09674937,571.7251909,78.67317876
Europe,EUR,2006,8.9017,7.916,2.524087814,83.16413988,561.9088764,89.27725775
Europe,EUR,2007,8.8135,8.405,3.815704819,105.7131938,563.9636046,99.46983003
Europe,EUR,2008,8.6965,9.132,7.501071132,121.3539015,593.0331391,110.0447411
Europe,EUR,2009,7.9806,10.041,14.19283506,135.3832286,589.7448745,120.7465527
Europe,EUR,2010,8.2728,10.822,23.26343602,153.4434969,649.8001668,136.8909383
Europe,EUR,2011,8.1552,10.896,46.71354931,186.6574032,569.648632,146.1651356
Europe,EUR,2012,8.0705,12.293,71.86993816,215.0324051,625.9225576,162.9488716
Europe,EUR,2013,7.8447,13.318,86.9351168,248.1152558,661.7647115,174.1599448
Europe,EUR,2014,7.5271,14.069,98.83569401,264.81502,644.059181,186.0253069
Europe,EUR,2015,7.5207,14.644,109.7895377,318.93123,636.0122862,198.8159819
Europe,EUR,2016,7.5029,14.685,113.8307704,322.8678763,651.0461652,203.523064
Europe,EUR,2017,7.5315,14.652,124.2626449,384.2165214,584.3196897,211.2576334
Europe,EUR,2018,7.4849,15.703,138.5482445,403.2175948,646.6667574,218.1569327
Europe,EUR,2019,7.2595,16.577,152.7537127,460.0298128,627.934014,227.1704194
Europe,EUR,2020,6.6081,19.132,178.8538857,510.138071,655.3401697,232.0163834
North Macedonia,MKD,2015,3.3779,17.611,0.0226,0.120767,1.865193,0.020219
North Macedonia,MKD,2016,3.358,17.188,0.0237,0.109483,1.897345,0.036033
North Macedonia,MKD,2017,3.6042,11.098,0.023751,0.11048,1.110279,0.051551
North Macedonia,MKD,2018,3.3721,16.813,0.022788,0.097338,1.791368,0.05405
North Macedonia,MKD,2019,3.8276,10.806,0.023227,0.101806,1.163674,0.055103
North Macedonia,MKD,2020,3.4302,12.859,0.023537,0.116885,1.277143,0.057298
Norway,NOR,2000,9.3726,71.128,0.0053,0.030199,141.818,0.256
Norway,NOR,2001,9.6254,66.194,0.0053,0.028758,120.463,0.255
Norway,NOR,2002,9.3759,67.96,0.0053,0.038903,129.372,0.25
Norway,NOR,2003,9.6304,62.353,0.0062,0.219796,105.48,0.33
Norway,NOR,2004,9.6466,62.782,0.0062,0.259519,108.781,0.359
Norway,NOR,2005,9.365,68.394,0.0062,0.50703,135.688,0.333
Norway,NOR,2006,9.4098,65.324,0.0071,0.636,119.369,0.388
Norway,NOR,2007,9.6864,67.885,0.0071,0.892,133.656,0.386
Norway,NOR,2008,9.3978,68.555,0.0074,0.913,139.044,0.397
Norway,NOR,2009,8.964,66.403,0.0077,0.977,125.283,0.227
Norway,NOR,2010,9.3529,64.033,0.0081,0.879,116.75,0.344
Norway,NOR,2011,9.057,64.879,0.0085,1.283,120.291,0.339
Norway,NOR,2012,8.8441,68.762,0.0089,1.548,141.738,0.326
Norway,NOR,2013,8.7881,66.111,0.0098,1.881,128.154,0.396
Norway,NOR,2014,8.7662,67.525,0.0116,2.217,135.439,0.258
Norway,NOR,2015,8.7726,67.335,0.0134,2.515,137.302,0.256
Norway,NOR,2016,8.5318,68.485,0.0238,2.115742,142.418,0.233
Norway,NOR,2017,8.3779,67.933,0.039961,2.854,141.955,0.21
Norway,NOR,2018,8.3307,67.347,0.060876,3.877,138.991268,0.204168
Norway,NOR,2019,7.9692,65.693,0.106799999,5.525,125.146,0.253005
Norway,NOR,2020,7.615,69.615,0.135012997,9.890451282,140.9722937,0.259741601
Pakistan,PAK,2015,0.8487,10.566,0.367668,0.598593984,32.77947065,0.079676066
Pakistan,PAK,2016,1.0166,10.498,0.853702,0.91811907,34.57764217,0.532255717
Pakistan,PAK,2017,1.1254,9.175,1.314321,1.762901793,30.20406701,1.075314734
Pakistan,PAK,2018,1.1229,8.973,1.545411,2.83179,29.4798025,1.030378333
Pakistan,PAK,2019,1.0818,10.574,1.623248309,3.148244731,36.30380342,0.618053231
Pakistan,PAK,2020,1.0628,11.589,1.677748536,2.732134282,40.28748438,0.634279336
Peru,PER,2012,1.8315,22.772,0.0597,0.0012,22.0319,0.668
Peru,PER,2013,1.4463,22.902,0.1969,0.0012,22.3196,0.96
Peru,PER,2014,1.6428,22.655,0.1993,0.2575,22.2107,1.291
Peru,PER,2015,1.6103,22.788,0.230255343,0.594374131,23.68706283,0.907
Peru,PER,2016,1.7047,21.403,0.241818781,1.054114626,23.826156,0.556
Peru,PER,2017,1.7085,24.979,0.287200343,1.073432268,29.0745135,0.471434
Peru,PER,2018,1.7084,25.455,0.74540054,1.502438168,30.737,0.418896
Peru,PER,2019,1.6911,25.868,0.763,1.655,31.462,0.52998
Peru,PER,2020,1.3559,30.094,0.778,1.804,30.507,0.694229595
Philippines,PHL,2005,0.8488,15.773,0.001517,0.017469,8.386773,9.902443
Philippines,PHL,2006,0.7569,18.061,0.001376,0.053235,9.939413,10.465279
Philippines,PHL,2007,0.7915,15.883,0.001309,0.057842,8.563433,10.214688
Philippines,PHL,2008,0.8504,16.73,0.001304,0.061386,9.842534,10.72278
Philippines,PHL,2009,0.8277,16.108,0.001252,0.064428,9.787567,10.337557
Philippines,PHL,2010,0.8828,13.707,0.001254,0.061717,7.803405,9.956422
Philippines,PHL,2011,0.8762,14.879,0.001212,0.088204,9.697532,10.057604
Philippines,PHL,2012,0.9094,14.99,0.00132,0.075339,10.252134,10.432809
Philippines,PHL,2013,0.9689,13.323,0.001414,0.065655,10.019308,9.816571
Philippines,PHL,2014,1.0067,12.529,0.016517,0.152052,9.137273,10.503812
Philippines,PHL,2015,1.0982,12.024,0.138534,0.748414,8.665078,11.41115
Philippines,PHL,2016,1.1792,11.475,1.097016,0.975219,8.110915,11.796309
Philippines,PHL,2017,1.2827,10.972,1.201152,1.093558,9.610799,11.283225
Philippines,PHL,2018,1.3189,10.674,1.249116398,1.152923041,9.383758226,11.54012741
Philippines,PHL,2019,1.3561,9.752,1.246082,1.04166,8.025492,11.731147
Philippines,PHL,2020,1.2413,10.516,1.372604,1.02645,7.192019,12.017831
Poland,POL,2011,8.7316,3.591,0.0002,3.205,2.332,7.6008
Poland,POL,2012,8.5464,4.613,0.0011,4.747,2.037,10.0943
Poland,POL,2013,8.4547,4.599,0.0015,6.004,2.439,8.6221
Poland,POL,2014,8.1457,5.362,0.007,7.678,2.183,9.977
Poland,POL,2015,8.2405,5.839,0.057,10.858,1.832,9.739
Poland,POL,2016,8.5377,5.415,0.124,12.588,2.139,7.957
Poland,POL,2017,8.8974,5.617,0.165,14.909,2.56,6.488
Poland,POL,2018,8.8866,5.304,0.3,12.799,1.97,6.548
Poland,POL,2019,8.4334,6.33,0.710673,15.106759,1.954,7.682984
Poland,POL,2020,7.916,7.107,1.99,15.726,2.115,7.898
Portugal,PRT,1989,4.1273,9.274,0.001010101,0.001,5.819,0.661
Portugal,PRT,1996,5.1152,17.706,0.001,0.021,14.761,1.008
Portugal,PRT,1997,5.3772,15.711,0.001,0.038,13.105,1.087
Portugal,PRT,1998,5.8026,14.309,0.0008,0.089,12.983,1.0796
Portugal,PRT,1999,6.5246,8.518,0.0011,0.123,7.286,1.2381
Portugal,PRT,2000,6.3802,12.295,0.0014,0.168,11.323,1.376
Portugal,PRT,2001,6.3109,14.75,0.0016,0.256,14.034,1.45
Portugal,PRT,2002,6.7157,9.099,0.0018,0.362,7.8,1.569
Portugal,PRT,2003,6.1991,16.086,0.0026,0.496,15.723,1.484
Portugal,PRT,2004,6.4459,11.308,0.0029,0.816,9.869,1.631
Portugal,PRT,2005,6.634,7.504,0.0038,1.773,4.731,1.722
Portugal,PRT,2006,6.1584,14.623,0.005,2.925,10.919,1.789
Portugal,PRT,2007,5.9062,15.163,0.024,4.037,10.027,2.083
Portugal,PRT,2008,5.6745,14.195,0.041,5.757,6.799,2.044
Portugal,PRT,2009,5.3964,17.738,0.16,7.577,8.285,2.271
Portugal,PRT,2010,5.0034,25.977,0.215,9.182,16.148,2.811
Portugal,PRT,2011,4.9023,23.118,0.282,9.162,11.536,3.133
Portugal,PRT,2012,4.748,20.343,0.393,10.26,5.622,3.097
Portugal,PRT,2013,4.6005,27.549,0.479139885,12.01460111,13.73,3.247583434
Portugal,PRT,2014,4.6037,28.701,0.627316615,12.11138423,15.569,3.25438015
Portugal,PRT,2015,5.0432,23.001,0.796154916,11.60763787,8.660506278,3.307567386
Portugal,PRT,2016,4.8867,27.694,0.822,12.474,15.723,3.242
Portugal,PRT,2017,5.3682,20.028,0.992,12.248,5.897,3.437
Portugal,PRT,2018,5.0206,25.344,1.005,12.617,12.393,3.386
Portugal,PRT,2019,4.6576,24.829,1.343,13.667,8.818,3.577
Portugal,PRT,2020,3.9609,30.199,1.695,12.364,12.439,4.034
Romania,ROU,2009,3.9517,10.409,0.001010101,0.009,15.534,0.01
Romania,ROU,2010,3.8073,13.407,0.002020202,0.306,19.883,0.111
Romania,ROU,2011,4.2311,10.433,0.001,1.387,14.728,0.198
Romania,ROU,2012,4.1469,9.864,0.008,2.64,12.066,0.212
Romania,ROU,2013,3.7128,14.113,0.42,4.52,14.7935,0.252
Romania,ROU,2014,3.7729,16.975,1.2953,4.7236,18.5235,0.505
Romania,ROU,2015,3.8324,17.569,1.982,7.063,16.633,0.524
Romania,ROU,2016,3.7458,17.975,1.82,6.59,18.028,0.531
Romania,ROU,2017,3.9281,15.801,1.856,7.407,14.494,0.525168
Romania,ROU,2018,3.9787,16.634,1.771,6.322,17.6639,0.43713
Romania,ROU,2019,3.8651,15.962,1.778,6.773,15.580921,0.504144
Romania,ROU,2020,3.7154,16.228,1.703,6.955,15.08738564,0.575069202
